;Temperature_C;Humidite_%;Vent_kmh;Pression_hPa;Pluie
1;8.73;96.06;58.56;1015.92;oui
2;-2.2;24.65;69.29;1016.07;non
3;-8.97;97.59;66.6;992.74;oui
4;-0.83;44.34;41.98;1005.92;non
5;20.59;31.16;23.37;1001.98;oui
6;29.26;35.97;41.14;1015.54;non
7;20.38;33.64;5.2;1036.93;non
8;30.42;44.37;7.81;1021.05;non
9;-3.9;59.61;2.75;1034.56;non
10;23.13;44.94;41.61;1012.8;non
11;38.48;82.01;75.16;1033.69;oui
12;36.09;27.08;15.68;982.71;oui
13;9.43;41.71;66.3;1001.41;oui
14;17.13;31.27;64.18;984.47;oui
15;28.61;35.9;0.44;1028.93;non
16;26.45;81.7;5.92;1001.51;non
17;33.16;69.86;26.47;983.81;oui
18;6.26;78.37;51;1033.23;oui
19;-4.02;77.06;60.86;1013.68;oui
20;14.69;61.82;34.2;981.53;oui
21;-8.43;70.91;25.15;1010.51;oui
22;2.46;52.83;60.44;993.73;oui
23;4.49;32.9;74.38;1028.49;non
24;33.57;84.29;14.93;1033.55;non
25;30.37;91.69;25.44;986.6;oui
26;11.36;85.44;68.86;980.42;oui
27;10.87;37.77;9.59;1000.26;oui
28;6.16;61.5;56.24;1001.82;oui
29;38.12;40.14;39.78;998.05;non
30;-8.16;68.77;40.21;983.09;oui
31;35.41;39.16;11.59;1009.37;non
32;2.1;73.77;60.93;994.26;oui
33;8.39;70.58;50.68;1012.15;non
34;31.77;45.66;14.92;982.45;oui
35;23.88;21.33;40.97;993.59;oui
36;-1.28;75.28;30.94;1036.2;non
37;7.05;29.08;73.98;1032.64;non
38;23;85.38;44.42;1011.78;oui
39;-5.34;91.78;72.03;1017.99;oui
40;7.46;78.08;71.77;1033.23;oui
41;22.1;26.73;12.93;1033.91;non
42;-9.54;28.12;53.08;980.3;oui
43;17.44;75.35;52.16;993.46;oui
44;1.86;46.03;59.72;1018.98;non
45;22.88;65.46;7.49;1002.06;non
46;2.2;97.84;31.45;1033.52;oui
47;29.74;60.21;46.15;1009.55;non
48;26.12;42.46;1.95;1018.73;non
49;37.02;96.31;73.19;1002.21;oui
50;36.42;54.25;77.33;1037.82;non
51;4.72;50.81;68.09;999.02;non
52;17.84;94.89;55.68;1014.2;oui
53;20.75;99.2;11.21;1011.1;oui
54;27.04;75.76;56.2;1001.57;oui
55;30.47;84.81;69.37;1034.79;oui
56;15.08;83.86;52;1022.12;oui
57;34.5;47.04;30.05;985.64;oui
58;-8.2;57.25;43.41;997.19;oui
59;-8.47;22.99;65.81;1001.61;non
60;16.11;81.6;17.27;1017.37;non
61;-7.42;62.51;43.25;1018.25;non
62;38.79;61.3;25.84;1027.71;non
63;11.95;26.28;2.03;1037.76;non
64;24.8;52.72;13.86;989.39;oui
65;17.46;77.17;52.82;996.8;oui
66;26.89;64.35;48.94;1005.18;non
67;7.8;80.63;1.15;986.96;oui
68;-7.96;88.44;56.29;1008.45;oui
69;14.58;57.88;13.86;1006.03;non
70;20.79;70.81;3.62;1002.48;oui
71;15.16;88.52;52.7;989.78;oui
72;22.12;22.12;46.86;1036.41;non
73;9.41;71.46;36.66;1012.74;oui
74;9.31;96.9;72.43;991.75;oui
75;-4.96;21.46;7.56;1020.98;non
76;5.95;87.59;1.86;1028.87;oui
77;-4.09;75.74;50.32;1032.65;oui
78;30.17;42.56;14.2;1025.04;non
79;39.53;53.01;29.76;1026.58;non
80;36.54;88.67;34.32;1025.05;oui
81;-4.84;92.2;40.42;1029.59;oui
82;34.78;51.14;0.87;1034.32;non
83;5.97;96;76.05;1014.41;oui
84;12.42;43.46;26.29;1020.35;oui
85;29.58;83.17;7.3;1009.67;non
86;17.48;55.32;71.02;1001.05;non
87;-2.85;80.92;49.46;986.07;oui
88;25.05;25.82;65.75;1022.37;non
89;-5.76;98.93;29.94;1002.24;oui
90;37.36;98.88;60.27;1002.58;oui
91;28.86;64.67;33.94;1034.38;non
92;14.63;20.91;37.49;983.38;oui
93;-4.12;71.94;59.68;1015;oui
94;8.74;42.86;69.49;993.42;oui
95;-9.39;97.59;3.45;1033.47;oui
96;39.65;25.9;44.31;1038.16;non
97;21.47;75.66;36.36;1017.65;oui
98;35.06;23.64;22.48;1037.02;non
99;12.78;69.61;22.19;991.29;oui
100;7.67;66.69;6.22;1038.46;non
101;24.91;62.89;24.76;1028.83;non
102;-1.87;92.87;65.8;1036.99;oui
103;20.67;53.46;74.62;1031.96;non
104;-8.68;50.12;64.84;1039.24;non
105;19.71;50.47;77.59;1030.53;oui
106;13.43;53.19;21.87;983.38;oui
107;30.65;99.98;79.73;1013.33;oui
108;37.24;87.97;19.79;1007.03;non
109;37.7;68.49;18.29;1020.3;non
110;7.91;29.08;53.73;1011.22;oui
111;16.01;88.17;44.15;1013.66;oui
112;10.17;30.72;2.3;1025.31;non
113;25.2;37.04;10.91;980.87;oui
114;19.5;51.38;35;1034.25;non
115;15.7;82.69;31.72;1017.33;oui
116;37.48;31.77;74.13;1009.53;non
117;12.96;98.4;39.41;999.73;oui
118;2.01;26.07;10.31;987.68;non
119;-3.06;71.27;14.55;1000.74;oui
120;13.7;73.4;13.79;991.54;oui
121;-1.55;42.29;14.16;985.32;non
122;13.04;36.51;29.14;1010.21;non
123;-8.03;83.95;50.23;984.91;oui
124;36.04;24.89;22.15;1028.37;non
125;-0.77;36.75;29.64;1009.07;non
126;8.45;57;59.8;982.2;oui
127;25.67;91.62;40.93;1011.93;oui
128;12.37;62.61;19.4;996.15;non
129;-9;45.77;16.92;999.65;non
130;34.53;67.49;54.33;1027.35;non
131;-5.65;62.97;46.95;1024.73;non
132;-3.62;42.7;29.05;1018.76;non
133;7.8;98.92;48.46;994.23;oui
134;-2.36;39.68;12.85;991.19;oui
135;-1.33;91.74;6.42;1011.47;oui
136;39.12;28.96;31.83;1038.17;non
137;30.85;40.63;13.67;1020.12;non
138;17.84;65.73;22.4;1026.17;non
139;6.18;54.03;40.61;994.54;oui
140;20.53;43.09;46.5;989.26;oui
141;16.63;24.15;26.93;988.06;oui
142;39.5;45.79;64.79;995.28;oui
143;28.01;67.65;37.73;1004.71;non
144;36.48;86.45;77.2;987.46;oui
145;36.92;34.5;5.32;1024.47;non
146;32.09;31.18;63.62;992.1;oui
147;-1.79;85.17;53.22;1011.38;oui
148;33.86;51.4;65.33;1006.35;non
149;13.13;44.11;59.81;1010.16;non
150;34.98;50.71;43.48;1034.39;non
151;-4.16;95.19;50.22;1000.09;oui
152;29.7;69.61;42.68;1033.63;non
153;-2.42;44.94;19.88;1024.64;non
154;18.49;81;70.14;1000.52;oui
155;-4.47;87.72;10.2;1003.84;oui
156;-2.5;38.34;57.78;1023.2;non
157;24.7;63.42;20.14;1000.74;non
158;35.42;66.67;32.07;1007.72;non
159;-2.33;66.9;40.47;1016.69;non
160;33.61;94.57;45.21;1021.8;oui
161;25.36;32.2;46.1;1016.4;non
162;26.82;94.75;74.05;1007.05;oui
163;39.24;87.11;9.97;1035.25;oui
164;15.94;67.3;31.92;983.29;oui
165;30.14;20.37;26.68;1003.89;oui
166;35.99;47.71;27.76;1024.25;non
167;1.23;56.2;11.27;990.58;oui
168;10.95;93.19;28.99;1014.84;oui
169;-9.35;73.08;14.24;1037.66;non
170;10.73;26.83;79.75;1010.13;non
171;-6.65;80;16.79;1033.88;non
172;-0.47;22.92;37.77;1013.89;non
173;28.78;56.26;41.95;1006.45;non
174;17.98;32.42;14.55;1031.71;non
175;8.67;41.66;51.52;1004.52;non
176;-2.19;77.28;52.71;981.63;oui
177;1.55;73.75;1.58;986.25;oui
178;-1.07;72.22;19.05;985.97;oui
179;26.11;88.46;66.42;1003.83;oui
180;0.25;43.45;71.71;980.78;oui
181;0.39;22.12;14.51;1014.98;non
182;34.63;85.4;27.35;995.57;oui
183;19.51;41.45;49.93;1004.56;oui
184;11.81;43.56;75.88;1025.82;non
185;33.42;58.99;71.56;1027.99;non
186;-8.88;41.49;43.33;1018.01;non
187;-3.03;86.79;78.75;1011.54;oui
188;3.62;21.47;73.14;987.07;oui
189;3.7;64.33;52.11;1029.78;non
190;-9.45;30.95;72;1032.43;non
191;20.03;73.2;14.03;1034.86;non
192;9.16;61.51;3.76;989.98;oui
193;-5.86;68.25;19.63;1003.36;non
194;7.78;77.52;23.77;1013.98;oui
195;23.18;94.95;58.61;992.9;oui
196;3.11;67.61;4.11;1009.78;non
197;6.71;81.67;8.53;984.51;oui
198;14.77;75.07;34.79;994.78;oui
199;29.97;75.58;21.77;1015.41;non
200;-5.42;93.39;10.95;1037.01;oui
201;-0.74;63.35;69.84;1023.93;non
202;22.94;75.38;67.94;994.98;oui
203;1.06;99.01;75.52;982.37;oui
204;36.26;34.45;45.44;1034.93;non
205;24.87;43.79;73.95;1038.26;oui
206;13.71;88.96;67.56;999.15;oui
207;-8.15;67.7;18.4;987.23;non
208;24.81;47.19;57.98;983.92;oui
209;16.97;83.26;25.5;1017.55;oui
210;20.79;38.64;1.95;1032.21;non
211;33.74;62.31;75.13;1027.93;non
212;7.54;81.38;32.15;1008.79;oui
213;33.68;98.73;61.46;1005.07;oui
214;26.88;39.1;8.84;1001.28;non
215;4.82;38.69;3.37;981.07;oui
216;11.39;50.75;54.37;993.1;oui
217;29.32;27.15;33.41;1032.75;non
218;13.37;69.07;13.36;1039.47;non
219;37.14;71.97;48.62;1010.76;non
220;-1.17;37.64;14.92;1026.78;non
221;-7.11;97.53;70.7;1035.67;oui
222;-1.31;51.7;60.66;1021.76;non
223;30.79;37.96;17.91;1012.22;non
224;19;27.32;70.2;995.94;non
225;34.44;96.45;68.97;1028.57;oui
226;17.54;26.96;32.68;1002.36;oui
227;26.17;59.67;6.48;993.21;oui
228;-6.19;88.1;39.61;1008.84;oui
229;31.23;47.82;54.24;1013.94;non
230;33.93;83.79;52.68;1031.03;oui
231;25.42;86.96;55.8;1020.81;oui
232;27.64;32.69;70.47;1032.31;non
233;31.29;30.31;26.81;1024.61;non
234;30.9;86.57;40.6;980.38;oui
235;20.85;98.49;50.55;995.59;oui
236;17;82.39;8.56;1025.66;oui
237;38.15;47.35;50.61;1035.92;non
238;36.86;75.03;5.43;998.06;oui
239;-6.63;66.57;27.67;1017.25;non
240;33.58;97.88;77.51;1024.98;oui
241;27.91;21.97;1.77;999.42;non
242;28.52;74.66;35.67;996.42;oui
243;11.31;56.11;13.09;1027.69;non
244;1.04;26.59;54.44;1019.27;non
245;37.54;32.08;34.59;1036.62;non
246;21.93;51.81;21.94;1039.04;non
247;34.7;38.4;17.05;981.87;oui
248;8.43;89.15;37.86;1038.09;oui
249;33.43;82.13;61.67;1030.69;oui
250;21.31;30.5;2.6;1035.25;non
251;29.83;58.52;9.38;987.51;oui
252;11.52;36.04;39.33;983.85;oui
253;3.45;83.8;24.83;1007.31;non
254;-6.38;51.4;38.4;1016;non
255;24.75;88.81;62.39;982.38;oui
256;-4.75;39.36;78.93;988.55;oui
257;20.91;76.2;44.77;980.59;oui
258;15.89;27.03;28.05;981.99;oui
259;9.85;30.62;45.4;1021.37;oui
260;0.01;33.4;8.37;1018.19;non
261;-8.42;94.9;4.16;1012.48;oui
262;33.55;77.13;64.14;1000.37;oui
263;-5.99;91.59;43.81;1029.04;oui
264;22.18;62.11;58.53;984.9;oui
265;2.36;32.76;69.74;993.15;oui
266;6.84;34.57;63.18;1019.52;non
267;17.77;77.54;18.28;1039.78;oui
268;22.52;35.96;54.42;984.33;oui
269;2.88;57.01;69.46;1023.63;non
270;11.27;47.67;29.68;1039.26;non
271;33.35;66.29;35.09;1023.52;non
272;33.67;92.06;33.74;996.61;oui
273;35.62;36.85;49.84;1017.89;non
274;-3.42;77.27;72.72;990.78;oui
275;38.57;34.48;68.35;1009.54;non
276;33.54;55.62;41.19;1001.55;oui
277;-1.82;51.29;77.55;995.49;oui
278;6.26;81.88;10.47;1038.19;non
279;1.8;25.88;13.58;1011.19;non
280;31.44;54.47;19.9;1017.03;non
281;-1.65;33.41;2.93;1024.18;non
282;13.73;87.53;64.45;1015.12;oui
283;0.29;28.95;21.58;983.43;oui
284;36.83;23.15;9.77;1007.13;non
285;5.81;60.58;3.33;988.9;oui
286;38.26;20.4;76.14;1018.35;non
287;12.74;61.25;39.11;1020.01;non
288;-8.5;44.63;56.37;992.11;oui
289;38.5;27.51;53.81;1006.63;non
290;-1.14;75.41;67.05;1036.68;oui
291;14.86;69.43;69.51;1014.24;non
292;36.55;75.16;54.12;992.94;oui
293;9.69;72.1;8.53;1019.47;oui
294;-7.59;98.17;32.55;1032.25;oui
295;18.35;79.08;70.28;1004.25;oui
296;23.38;84.63;60.98;1027.87;oui
297;30.89;29.62;43.56;980.35;oui
298;8.32;51.69;55.64;1003.31;oui
299;1.88;49.86;18.18;984.39;oui
300;23.41;69.56;37.08;1002.79;oui
301;15.95;58.33;2.05;1000.47;non
302;9.94;66.41;42.69;1016.47;oui
303;30.65;77.45;76.44;981.09;oui
304;-9.62;71.8;71.84;994.61;oui
305;-6.99;94.75;28.13;986.09;oui
306;2.84;42.79;24.58;1028.18;non
307;5.57;68.83;57.29;996.36;oui
308;-3.91;34.49;54.49;990.89;oui
309;25.45;28.55;45.38;995.39;oui
310;14.18;84.48;44.02;982.6;oui
311;37.57;68.13;65.54;1033.05;non
312;0.6;68.88;32.88;1030.39;non
313;7.67;38.95;62.44;996.49;oui
314;11.19;73.4;7.64;1017.43;non
315;19.33;33.44;58.95;1031.77;non
316;-5.21;21.89;51.36;1016.43;non
317;1.6;51.27;47.56;1009.81;non
318;-3.18;75.61;32.35;1005.69;oui
319;24.62;99.3;10.27;986.25;oui
320;18.92;41.93;6.35;985.14;oui
321;-0.41;45.87;18.13;1001.3;non
322;15.95;25.41;64.03;994.02;oui
323;34;72.07;42.64;999.46;oui
324;23.47;99.53;52.95;1013.47;oui
325;13.26;24.81;44.98;1037.46;non
326;24.5;36.07;42.87;985.8;oui
327;27.81;47.81;53.19;1027.73;non
328;1.73;51.95;12.19;1039.55;non
329;17;87.36;41.68;1017.42;oui
330;27.76;30.22;66.09;1026.92;non
331;-8.19;44.25;21.05;1001.61;non
332;36.85;64.3;24.44;1003.82;non
333;20.03;61.25;73.55;1009.82;oui
334;32.57;36.68;74.45;986.98;oui
335;9.03;90.24;69.44;1028.36;oui
336;5.23;26.47;32.24;990.41;oui
337;7.3;98.05;51.28;1029.35;oui
338;33.1;93.82;38.96;1016.38;oui
339;-1.26;60.21;31.89;988.78;oui
340;-6.59;22.06;10.81;1037.79;non
341;38.29;54.6;24.95;1010.37;non
342;-4.72;71.27;17.28;1017.18;non
343;-2.4;24.91;62.46;1007.59;non
344;39.74;24.62;55.6;1039.02;non
345;-2.89;29.71;24.26;986.06;oui
346;-6.89;60.75;79.74;1028.84;non
347;5.31;69.91;42.16;1005.57;non
348;34.33;55.98;15.57;1002.07;non
349;31.38;78.69;61.54;980.66;oui
350;14.07;21.54;20.79;1025.62;non
351;16.77;37.22;0.97;994.47;oui
352;30.08;96.77;39.03;986.58;oui
353;12.72;87.55;7.85;1009.29;oui
354;6.23;78.99;38.08;1002.55;oui
355;12.97;82.8;71.37;1037.32;oui
356;5.77;75.05;35.01;995.28;oui
357;-8.08;92.14;36.92;1018.23;oui
358;34.76;70.93;49.11;984;oui
359;-2.49;78.99;40.98;1020.81;non
360;-5.76;77.31;5.77;984.28;oui
361;37.83;79;28.26;997.79;oui
362;28.73;72.91;14.82;990.45;oui
363;23.02;81.15;21.2;981.26;oui
364;38.39;43.64;61.54;1017.48;non
365;0.28;29.71;49.2;1026.48;non
366;16.52;23.36;77.48;1027.92;non
367;39;68.15;46.59;1024.88;non
368;22.82;30.25;27.06;1035.69;non
369;8.61;54.57;35.15;1016.78;oui
370;2.03;29.72;15.8;1033.22;non
371;4.3;85.28;68.91;1030.79;oui
372;2.61;80.4;36.84;1030.52;oui
373;28.82;72.49;14.19;1012.7;oui
374;36.87;23.45;13.19;987.9;oui
375;30.89;37.08;40.47;1030.44;non
376;17.11;67.23;40.67;997.85;oui
377;24.44;89.87;50.9;1025.67;oui
378;13.08;20.75;19.73;1023.59;non
379;-5.04;52.12;64.01;992.24;oui
380;26.65;69.28;15.04;1001.32;oui
381;17.71;20.42;60.88;982.12;oui
382;0.12;96.65;29.44;999.62;oui
383;5.28;90.13;79.71;1002.1;oui
384;26.1;90.9;47.44;1003.49;oui
385;24.78;20.26;49.57;1001.33;oui
386;-5.35;67.06;38.48;1018.54;non
387;19;64.92;44.85;1016.21;non
388;30.25;41.59;66;1009.9;non
389;-7.07;46.74;62.79;1022.46;non
390;15.86;55.22;11.8;999.69;non
391;-5.57;37.65;47.86;1024.14;non
392;36.66;71.41;33.7;1018.17;oui
393;-4.08;52.79;67.18;1003.03;oui
394;19.39;34.76;28.98;1000.07;non
395;-8.79;86.54;21.85;1011.08;oui
396;37.03;40.74;34.37;1032.36;non
397;-0.69;84.21;36.65;1008.98;non
398;-5.97;78.24;39.72;1006.21;oui
399;28.28;32.71;48.82;988.12;oui
400;22.85;96.53;5.52;983.42;oui
401;3.09;39.76;72.5;994.97;oui
402;27.97;55.98;62.14;983.92;oui
403;-8.32;25.01;72.51;988.35;oui
404;10.55;47.79;71.99;981.31;oui
405;38.17;64.81;74.95;983.14;oui
406;3.01;78.47;78.5;995.39;oui
407;-0.1;65.23;37.11;1038.32;non
408;7.48;29.13;12.1;993.52;oui
409;32.53;64.9;41.87;986.89;oui
410;26.14;25.41;56.63;1012.61;non
411;12.92;58.78;13.26;1036.74;non
412;23.45;56.98;32.94;1019.06;non
413;-6.89;61;64.51;1007.55;non
414;29.31;36.11;20.69;989.88;oui
415;27.84;61.55;16.39;1032.67;non
416;33.53;39.1;36.1;1039.1;non
417;-8.64;25.22;37.11;1034.55;non
418;14.89;28.44;52.54;1029.33;non
419;28.78;97.16;16.3;1011.4;oui
420;29.64;66.21;50.77;1027.87;non
421;35.75;62.64;12.64;1021.75;non
422;5.84;88.57;72.49;996.61;oui
423;-2.96;36.16;14.74;1033.64;non
424;-2.39;55.23;49.22;985.01;oui
425;30.18;60.42;77.37;1005.07;non
426;23.4;70.77;13.28;1032.92;non
427;-1.89;21.01;44.78;1011.64;non
428;34.51;26.35;58.52;991.24;oui
429;30.95;63.26;56.82;998.86;non
430;31.08;56.74;28.62;1009.65;non
431;6.76;33.9;56.96;1029.56;non
432;1.99;31.36;27.84;1007.02;non
433;22.56;69.67;28.19;1030.49;non
434;38.96;70.73;10.1;1020.57;non
435;24.32;25.57;13.99;1031.34;non
436;31.85;42.34;51.43;1021.65;non
437;5.27;37.01;2.66;998.24;oui
438;36.92;89.7;61.29;1027.31;oui
439;3.01;92.58;53.66;1013.63;oui
440;12.35;56.83;69.17;1012.8;non
441;38.84;28.86;33.8;982.52;oui
442;35.9;42.4;68.67;997.53;oui
443;27.7;84.39;1.44;1037.77;non
444;5.24;86.35;22.52;1032.37;oui
445;25.18;63.26;7.72;994.51;non
446;13.44;44.1;47.87;997.83;oui
447;27.16;23.85;72.23;1031.14;non
448;19.66;91.38;14.83;984.74;oui
449;29.73;22.77;46.62;1039.73;non
450;16.07;25.09;66.51;1015.94;non
451;-5.31;92.77;53.54;1029.76;oui
452;18.59;61.4;34.43;999.02;oui
453;28.69;68.15;71.4;1006.6;non
454;21.57;67.34;56.21;994.25;oui
455;-4.79;50.76;39.01;1019.13;non
456;20.03;79.49;40.5;1018.05;non
457;2.72;48.95;37.8;982.74;oui
458;3.84;97.72;26.51;1008.92;oui
459;20.54;42.45;16.56;1010.99;non
460;-9.62;37.53;2.94;986.48;oui
461;30.13;65.76;41.01;997.61;oui
462;9.85;26.97;49.37;986.83;oui
463;15.37;89.94;39.48;1022.14;oui
464;-3.43;41.98;31.57;1005.31;non
465;35.38;77.12;48.63;998.56;oui
466;37.75;85.7;0.13;1018.18;non
467;2.88;24.76;48.3;1021.2;non
468;9.19;56.5;29.52;987.26;oui
469;27.56;25.68;6.41;1001.29;oui
470;23.43;74.29;28.95;1015.62;non
471;21.8;93.06;49.01;1032.42;oui
472;-3.97;92.2;5.32;1012.04;non
473;-9.41;53.76;23.6;1009.16;non
474;-7.81;29.84;44.69;1000.59;oui
475;22.61;87.65;55.4;1005.8;oui
476;3.77;44.51;63.12;1006.79;non
477;31.12;88.6;73.33;1005.86;oui
478;19.11;49.69;48.09;1022.34;non
479;8.73;33.35;34.44;988.56;oui
480;7.29;32.36;2.04;1018.75;non
481;7.03;25.74;32.77;998.67;oui
482;20.29;49.17;17.43;1039.28;non
483;24.41;31.24;38.85;981.65;oui
484;38.2;50.74;3.12;981.86;oui
485;-2;21.87;60.5;1007.51;non
486;35;29.29;76.47;998.84;oui
487;20.15;86.14;78.72;997.3;oui
488;9.47;50.84;27.23;1012.48;non
489;17.69;63.34;60.95;1030.02;non
490;5.12;40.75;15.57;983.46;oui
491;3.51;97.31;44.62;1000.84;oui
492;-3.04;55.52;50.1;1009.33;non
493;39.69;90.43;49.87;1014.16;oui
494;0.07;51.61;3.16;1008.53;non
495;1.39;97.12;72.76;1023.33;oui
496;33.5;30.45;63.24;987.49;oui
497;3.79;90.17;75.52;988.93;oui
498;39.05;58.67;69.08;1015.32;non
499;4.29;36.26;60.94;1003.19;oui
500;14.62;66.18;69.25;1038.84;non
501;31.38;81.16;45.88;1037.36;non
502;-4.54;88.32;35.13;1030.82;oui
503;-6.88;90.68;35.87;1010.63;oui
504;36.32;21.53;38.15;1021.26;non
505;24.63;30.75;23.95;1001.52;oui
506;3.94;36.86;76.6;980.53;oui
507;23.84;86.28;23.57;980.86;oui
508;31.71;79.24;11.43;1025.21;oui
509;22.93;81.29;67.67;1016.82;non
510;14.38;26.21;32.6;1004.43;non
511;7.44;28.88;64.66;1036.86;non
512;37.76;61.81;23.97;984.61;oui
513;29.73;76.57;4.02;984.37;oui
514;4.76;38.59;22.48;1028.21;non
515;10.26;92.49;25.72;1008.59;oui
516;22.02;98.32;48.28;1001.47;oui
517;-3.85;91.09;40.25;1006.96;oui
518;21.24;25.74;54.61;994.52;oui
519;31.13;84.32;44.2;1011.21;non
520;28.77;41.71;39.74;997.06;non
521;21.48;24.35;59.89;999.06;non
522;15.56;23.75;22.09;1022.42;non
523;31.97;20.31;19.75;1024.45;non
524;-4.91;48.82;21.63;1030.56;non
525;29.45;91.35;34.71;1034.6;oui
526;38.2;27.14;54.96;1009.63;non
527;21.64;76.31;0.35;990.02;oui
528;23.32;97.28;60.88;1037.05;oui
529;4.9;28.43;62.55;1018.65;non
530;8;96.54;40.03;1005.96;oui
531;0.44;49.5;29.59;983.14;oui
532;10.83;85.77;68.03;992.72;oui
533;13.61;90.41;17.26;1020.67;oui
534;4.77;30.93;52.13;1024.32;non
535;22.24;51.61;57.06;991.95;oui
536;4.37;49.42;4.65;986.69;oui
537;3.38;86.84;1.18;1002.75;oui
538;-9.03;29.95;33.09;1009.57;non
539;16.55;67.61;0.79;1007.85;non
540;15.95;74.2;24.95;1026.44;oui
541;16.06;98.08;10.04;981.02;oui
542;30.36;29.62;21.25;981.05;oui
543;28.66;61.44;27.85;1002.3;non
544;4.99;71.72;77.94;1030.82;non
545;34.93;82.66;62.43;1007.48;non
546;5.15;25.26;18.26;994.8;oui
547;27.37;57.9;4.63;1037.47;non
548;29.26;99.31;43.56;1037.77;oui
549;8.28;38.03;15.67;988.45;oui
550;29.07;66.26;11.76;1028.67;non
551;9.41;73.93;20.79;1000.71;oui
552;4.53;57.6;71.21;1022.46;non
553;-2.63;20.63;50.47;1006.86;non
554;37.9;62.37;19.35;1010.04;non
555;-6.19;41.98;64.56;1007.58;non
556;11.64;23.51;13.26;1006.73;non
557;-7.5;87.49;78.5;1027.59;oui
558;2.1;96.85;15.75;1037.09;oui
559;25.59;98.49;45.56;995.57;oui
560;19.68;25.85;49.79;1038.87;non
561;29.63;92.63;75.5;1037.61;oui
562;38.87;80.58;12.93;1008.61;non
563;2.37;71.25;53.33;989.76;oui
564;28.58;59.91;0.97;980.54;oui
565;36.31;38.29;50.75;993.32;oui
566;32.4;78.31;7.63;1005.72;non
567;14.04;72.99;9.48;997.33;oui
568;35.98;99.46;3.59;1025.66;oui
569;9.62;80.34;73.47;1037.06;oui
570;7.86;83;20.08;1013.84;oui
571;22.83;39.23;15.33;1035.09;non
572;15.3;37.67;3.11;982.16;oui
573;33.34;42.6;76.04;1014.9;non
574;19;61.34;60.7;996.95;oui
575;34.7;95.72;71.4;1005.17;oui
576;13.82;59.8;16.37;1015.47;non
577;6.58;88.4;16.57;984.27;oui
578;37.04;60.55;32.75;1028.65;non
579;6.61;75.49;61.69;1019.28;non
580;33.79;63.13;22.6;1005.51;non
581;-3.61;81.24;0;1004.99;oui
582;-7.27;97.85;18.09;998.25;oui
583;1.52;20.12;58.35;1038.01;non
584;23.15;79.35;67.87;1005.36;oui
585;6.26;77.01;65.34;990.9;oui
586;35.1;84.54;78.79;1025.25;non
587;19.53;72.88;6.28;1012.67;oui
588;-1.63;82.45;46.7;1037.13;non
589;3.27;68.12;23.72;1022.87;non
590;-4.87;61.11;40.71;1002.16;oui
591;31.38;75.78;57.15;1007.7;oui
592;24.73;78.32;68.94;996.44;oui
593;-0.24;47.63;26.85;1038.71;non
594;25.06;78.16;44.97;1036.83;non
595;9.03;33.04;62.9;1024.07;non
596;-8.74;87.12;0.91;1022.22;oui
597;11.88;38.8;56.39;1029.03;non
598;38.35;24.13;40.38;1023.11;non
599;-1.04;84;44.22;1003.79;oui
600;33.26;32.58;24.78;997.4;oui
601;23.64;83.73;20.04;1017.49;oui
602;31.64;92.49;0.97;1020.44;non
603;17.44;43.01;24.54;1001.18;oui
604;6.7;78.62;32.36;984.1;oui
605;4.29;54.62;54.84;999.95;non
606;8.7;95.56;51.34;1020.29;oui
607;-0.05;53.47;60.08;986.08;oui
608;3.82;54.56;78.43;984.05;oui
609;-1.03;97.65;9.06;1004.22;oui
610;25.23;53.82;27.72;1003.86;non
611;0.27;58.64;21.48;997.25;oui
612;38.43;68.29;6.16;984.54;oui
613;4.86;27.37;47.92;1017.42;non
614;3.37;21.21;77.2;995.05;oui
615;25.33;68.8;25.03;996.27;oui
616;33.3;95.74;8.47;989.29;oui
617;26.83;90.64;16.21;1015.26;oui
618;24.01;52.65;1.23;1014.98;non
619;12.51;96.61;31.92;1030.39;oui
620;23.62;98.16;8.15;980.5;oui
621;-5.37;79.87;73.16;1006.04;non
622;11.72;77.88;0.72;1015.37;oui
623;21.88;39.36;57.12;985.48;oui
624;33.87;79.1;1.1;994.9;oui
625;3.54;39.8;5;1007.54;non
626;20.34;73.83;6.49;1037.09;oui
627;30.25;85.84;74.62;1012.66;oui
628;20.84;79.43;59.03;1011.29;non
629;8.56;93.66;46.76;1012.3;oui
630;8.42;91.63;53.32;1027.24;oui
631;21.51;39.87;56.44;1005.66;non
632;22.47;94.9;5.12;1029.48;oui
633;12.2;21.75;24.08;1010.16;non
634;14.55;94.17;8.43;1025.87;oui
635;22.76;40.82;12.76;989.63;oui
636;-0.72;73.14;70.54;1028.85;oui
637;-4.48;43.13;24.78;995;oui
638;16.78;48.55;28.3;1029.71;oui
639;5.39;93.1;76.23;999.6;oui
640;15.28;95.29;70.11;986.15;oui
641;17.67;60.25;15.51;1031.53;non
642;31.9;88.7;59.87;1006.35;oui
643;-1.98;73.89;14.34;1021.64;non
644;-4.12;33.22;0.16;1023.12;non
645;15.75;32.91;6.68;981.15;oui
646;34.54;39.32;28.34;986.32;oui
647;15.96;68.62;19.63;983.46;oui
648;1.71;37.56;76.79;1016.98;non
649;10.79;54.32;43.27;1021.79;non
650;-1.42;60.01;32.96;1032.23;non
651;16.63;29.23;48.45;987.03;oui
652;-2.86;75.37;16.5;1003.51;oui
653;0.22;60.62;33.54;981.09;oui
654;-6.55;57.94;44.85;1017.71;non
655;2.66;20.8;57.88;1012.14;non
656;31.07;87.47;38.81;1000.02;oui
657;12.56;34.68;68.4;1032.95;non
658;-6.22;51.03;64.28;1034.11;non
659;-6.65;90.19;31.15;1012.51;oui
660;-6.67;71.87;5.93;1002.53;oui
661;11.67;99.77;44.72;999.27;oui
662;7.53;49.8;5.5;1002.17;non
663;26.14;72.54;56.7;980.5;oui
664;23.08;58.72;0.43;1028.27;non
665;17.42;25.32;61.32;1015.02;oui
666;27.59;84.24;41.44;988.42;oui
667;21.02;79.38;13.59;991.7;oui
668;27.5;92.66;60.7;1015.83;oui
669;34.46;66.3;50.59;989.39;oui
670;25.82;41.68;16.18;998.83;non
671;0.75;53.99;72.63;1010.42;non
672;-6.15;75.69;30.62;1029.31;oui
673;29.81;41.76;55.39;995.84;oui
674;21.82;45.96;21.56;991.46;oui
675;0.94;67.62;21.17;1019.72;non
676;28.9;80.87;15.02;985.3;oui
677;8.42;54.59;2.49;995.57;non
678;33.96;39.47;44.59;982.34;oui
679;6.15;91.83;71.05;999.52;oui
680;39.81;86.03;67.59;994.94;oui
681;-6.64;27.59;79.91;999.6;oui
682;30.33;88.64;79.81;994.49;oui
683;10.56;30.41;1.79;1001.63;oui
684;18.31;45.02;52.35;993.92;oui
685;28.22;69.9;60.98;982.34;oui
686;20.98;65.07;49.97;1031.87;non
687;19.05;99.25;60.54;1006.54;oui
688;9.46;38.31;47.75;1035.69;oui
689;7.1;62.21;16.93;1039.74;non
690;22.48;84.35;57.21;1015.59;non
691;12.74;73.98;54.2;1002.39;oui
692;-1.63;60.03;55.27;1021.83;non
693;3.76;32.5;50.88;1015.96;non
694;25.26;56.41;53.42;1030.24;non
695;-9.04;82.33;48.78;1021.98;oui
696;30.14;96.87;42.87;1009.31;oui
697;-2.32;65.81;22.16;1035.28;non
698;19.64;48.39;4.16;981.9;oui
699;-5.77;68.55;70.48;1032.97;non
700;0.56;89.04;70.89;991.8;oui
701;4.33;84.21;79.78;981.8;oui
702;21.13;97.87;37.2;1030.84;oui
703;6.76;25.36;78.03;1029.02;oui
704;36.9;26.81;30.85;984.26;oui
705;1.47;57.53;21.48;986.06;oui
706;-2.64;97.85;60.74;1038.07;oui
707;3.92;83.86;26.1;997.96;oui
708;-3.52;40.52;28.43;1020.44;non
709;0.53;84.72;11.75;1000.56;oui
710;-2.25;26.62;38.76;998.15;oui
711;30.19;30.97;46.46;1010.33;non
712;21.2;41.89;39.03;984.94;oui
713;5.32;85.79;4.56;1005.12;oui
714;26.25;65.94;53.38;1026.62;non
715;5.69;63.04;67.21;1039.37;oui
716;8.57;35.61;39.15;1024.5;non
717;14.16;87.06;28.91;1031.59;oui
718;6.41;56.32;61;987.56;oui
719;37.57;34.04;45.42;1014.76;non
720;22.24;38.39;44.21;1002.33;oui
721;-2.94;65.67;14.82;996.72;non
722;-0.86;86.06;22.86;1035.63;oui
723;18.56;31.44;29.96;1027.86;non
724;-5.65;64.54;67.61;1027.76;non
725;23.64;37.64;17.46;1032.44;non
726;3.16;20.05;69.65;1027.56;non
727;27.51;32.16;36.67;1001.07;non
728;14.31;93.66;3.2;997.49;oui
729;1.91;92.67;37.45;1007.98;oui
730;-2.28;58.98;34.4;1015.81;non
731;28.47;51.83;66.2;990.24;oui
732;0.22;47.23;40.85;1016.91;non
733;15.49;60.1;4.02;982.09;oui
734;11.91;87.13;12.85;981.5;oui
735;1.87;23.97;57.97;986.7;oui
736;4.05;33.88;30.38;1028.09;non
737;27.54;30.04;61.82;994.22;oui
738;18.29;94.33;30.99;983.97;oui
739;31.34;61.98;62.02;994.07;oui
740;-8.49;96.92;53.43;1035.99;oui
741;20.57;74.28;25.4;1030.89;oui
742;34.24;79.13;22.2;996.9;oui
743;-9.49;77.28;56.5;1017.36;oui
744;5.59;47.2;6.32;1006.57;non
745;7.17;86.77;74.84;991.14;oui
746;36.43;24.94;7.39;989.77;oui
747;-2.48;97.45;35.74;1010.09;oui
748;13.55;72.95;60.09;1025.23;oui
749;35.22;85.39;60.56;983.34;oui
750;0.62;73.08;32.9;1004.14;oui
751;34.78;92.73;25.11;1021.46;oui
752;-0.47;34.77;27.37;1005.8;non
753;-4.01;78.79;42.52;997.28;oui
754;5;67.69;34.71;989.86;oui
755;17.33;92.19;27.52;1023.98;oui
756;36.58;85.68;45.33;1019.42;oui
757;9.98;46.14;0.86;1029.59;non
758;-4.78;66.15;37.12;987.12;oui
759;0.73;25.38;47.59;1024.33;non
760;22.94;62.58;8.26;990.35;oui
761;4.82;95.07;65.5;1039.01;oui
762;38.49;54.5;27.8;983.02;oui
763;24.6;56.63;18.12;1016.84;non
764;18.88;48.74;65.88;1029.24;non
765;7.54;49;64.46;999.69;non
766;-5.77;57.34;38.57;1030.45;non
767;9.05;84.67;65.89;1003.08;oui
768;5.16;94.6;9.49;1036.02;oui
769;16.58;22.61;38.05;1004.46;non
770;22.82;97.69;44.98;1022.89;oui
771;10.88;29.31;49.02;1036.31;non
772;-6.16;48.37;44.05;1004.19;oui
773;30.73;68.95;29.88;995.32;non
774;7.74;53.05;54.07;1019.49;non
775;9.76;34.54;12.55;1029.64;non
776;10.96;33.46;70.35;1013.42;non
777;15.12;78.52;76.65;993.23;oui
778;36.72;93.31;50.83;1017.79;oui
779;27.62;62.5;54.2;1005.71;non
780;31.22;31.71;66.63;1012.42;non
781;11.57;50.32;73.2;995.07;oui
782;14.2;61.13;24.68;1014.38;non
783;-8.04;41.76;0.51;1038.7;non
784;9.76;78.27;27.66;1020.27;oui
785;37.34;52.02;62.66;995.96;oui
786;-8.71;68.28;52.76;1021.28;non
787;36.93;34.49;49.82;993.36;oui
788;17.32;53.38;12.82;990.26;oui
789;27.86;91.84;6.73;1003.59;oui
790;-9.17;72.94;48.2;989.78;oui
791;-8.81;86.8;77.98;988.13;oui
792;33.42;94.12;33.57;983.04;oui
793;18.7;51.43;2.29;1015;non
794;29.37;44.51;3.22;1015.3;non
795;38.69;63.54;22.02;1022.57;non
796;35.21;49.98;43.99;983.03;oui
797;31.62;84.45;17.95;993.56;oui
798;36.52;27.63;36;1000.25;oui
799;-5.82;36.89;60.2;983.08;oui
800;12.11;46.75;31.57;1011.8;non
801;18.6;84.43;60.81;989.23;oui
802;3.41;48.89;32.68;1020.78;non
803;-8.27;51.35;55.77;991.61;oui
804;2.99;90.89;71.66;997.84;oui
805;10.57;39.24;53.79;1029.56;non
806;31.22;51.76;12.51;1024.28;non
807;23.56;41.65;6.5;1039.55;non
808;39.42;98.18;63.51;1019.57;oui
809;33.31;43.16;37.41;1017.16;non
810;11.37;46.42;45.14;1031.03;non
811;36.72;75.13;65.86;1013.37;oui
812;-9.19;85.47;3.21;1033.39;oui
813;4.7;36.83;61.23;995.18;oui
814;-4.86;30.08;78.33;1020.43;non
815;6.22;74.12;47.54;1016.19;oui
816;18.77;54.32;22.07;1026.11;non
817;24.62;38.67;50.03;1024.82;non
818;-7;30.48;48.48;1030.97;non
819;26.71;47.31;38.28;1035.73;non
820;13.27;21.09;6.53;995.52;non
821;21.57;54.11;43.85;990.48;oui
822;23.19;97.22;4.03;1033.42;oui
823;18.2;60.02;5.55;985.39;oui
824;7.05;93.38;32.53;988.6;oui
825;4.67;62.04;55.83;1034.02;non
826;23.82;74.37;75.67;997.75;oui
827;3.6;37.43;52.95;1018.02;non
828;-9.19;78.3;25.88;1019.9;oui
829;7.14;30.77;7.55;1029.89;non
830;22.49;28.27;32.16;1023.74;oui
831;-4.09;20;56.97;1001.4;non
832;-9.36;63.22;68.09;1037.46;non
833;15.72;26.8;43.91;1002.8;oui
834;9.44;39.22;7.6;998.9;non
835;-1.16;98.99;35.53;1011.91;oui
836;39.78;66.62;65;999.62;non
837;10.14;73.8;54.58;998.91;oui
838;21.62;30.27;46.28;1021.61;non
839;27.67;89.83;40;1023.81;oui
840;-0.67;22.06;22.76;1006.58;non
841;32.5;35.7;10.04;1037.81;non
842;13.92;66.85;43.31;985.16;oui
843;-4.73;66.85;43.55;994.02;oui
844;31;23.33;39.85;1021.36;non
845;5.39;69.09;71.83;1028.6;non
846;26.51;49.19;51.28;1007.97;non
847;25.09;64.52;28.69;1034.68;non
848;5.79;24.55;61.32;1022.13;non
849;23.78;51.67;60.5;1007.25;non
850;36.74;40.07;9.64;1015.07;non
851;8.89;24.96;27.14;1010.36;non
852;22.91;99.82;36.14;1001.28;oui
853;-4.24;90.66;33.19;1003.24;oui
854;12.1;71.86;4.92;1028.82;oui
855;22.44;96.37;12.11;1008.64;oui
856;19.09;52.12;27.05;987.61;oui
857;-1.87;78.75;16.71;983.51;oui
858;19.76;89.75;46.16;1000.73;oui
859;17.01;26.34;45.27;1034.48;non
860;4.82;31.48;12.12;1005.97;non
861;-5.97;95.17;60.41;1015.2;oui
862;-5.99;58.15;50.41;1029.72;non
863;3.85;95.27;9.95;1032.51;oui
864;-1.14;77.77;3.22;1004.33;oui
865;19.03;94.87;53.78;1008.88;oui
866;37.53;21.77;78.6;985.17;oui
867;4.02;30.57;35.19;1018.64;non
868;-7.27;67.96;72.19;1002.99;non
869;12.13;23.87;65.64;1029.58;non
870;7.66;83.98;44.37;1029.56;oui
871;29.22;67.89;33.13;1037.48;non
872;20.25;37.64;50.05;1014.3;non
873;-7.02;68.35;61.1;1011.4;non
874;23.33;26.41;35.35;989.8;oui
875;0.11;50.94;4.09;1003.87;non
876;14.16;50.62;67.13;988.72;oui
877;-6.9;25.69;45.91;1013.96;non
878;17.89;96.78;3.9;985.88;oui
879;-0.74;63.3;51.65;982.74;oui
880;32.11;43.73;6.18;990.19;non
881;-3.84;61.48;19.67;1001.49;oui
882;24.22;95.92;11.4;1002.93;oui
883;-6.16;20.33;53.63;1018.51;non
884;14.48;53.24;1.92;1000.12;non
885;-5.08;96.54;47.95;1023.72;oui
886;9.66;38.95;7.76;990.74;oui
887;23.88;63.75;38.01;1035.35;non
888;4.03;48;62.59;1039.55;non
889;33.72;86.45;17.97;1003.96;oui
890;38.91;34.47;63.93;1000.05;oui
891;11;66.27;66.61;1028.25;oui
892;-7.02;75.36;11.2;1004.95;oui
893;10.14;61.57;79.72;988.11;oui
894;9.8;30.64;12.7;1036.96;non
895;35.35;99.32;16.67;1001.33;oui
896;14.19;53.47;28.62;1015.63;non
897;-1.93;57.74;44.28;1014.22;non
898;27.11;22.02;28.39;1026.81;non
899;3.06;75.6;45.39;1027.77;oui
900;20.51;59.05;10.65;995.68;non
901;19.96;61.1;23.05;980.39;oui
902;4.28;78.77;1.92;1015.09;oui
903;-1.28;57.73;7.31;1017.54;non
904;10.37;61.71;71.73;991.78;oui
905;33.08;66.17;71.25;1015.82;non
906;11.48;79.99;73.04;1014.33;non
907;3.44;35.89;19.75;998.38;non
908;19.4;54.12;49.23;984.89;oui
909;-1.41;61.45;17.12;997;non
910;30.59;21.11;51.95;1020.13;non
911;36.64;21.61;12.3;1033.17;non
912;18.23;73.04;54.33;1035.9;oui
913;26.01;42.98;70.38;982.95;oui
914;34.87;40.5;17.65;988.29;oui
915;15;73.99;19.13;1025.48;oui
916;5.63;52.85;16.78;1038.59;non
917;36.73;44.27;62.55;1025.95;non
918;38.28;51.48;10.46;1020.3;non
919;18.75;36.55;40.36;998.73;oui
920;22.26;79.62;18.58;1004.32;oui
921;-0.07;82.67;72.74;1002.21;oui
922;34.85;87.69;14.63;1037.38;oui
923;6.96;24.99;38.89;986.54;oui
924;5.85;84.71;70.04;998.15;oui
925;32.86;81.17;11.74;1021.42;oui
926;24.13;46.53;40.05;1018.74;non
927;-4;44.97;64.19;1031.69;non
928;37.62;46.31;52.99;1025.11;non
929;37.29;45.03;68.68;987.9;oui
930;27.1;74.22;20.19;1032.38;non
931;-7.32;77.4;38.04;1030.95;non
932;-1.59;86.92;43.91;991.35;oui
933;15.56;68.35;36.87;1029.72;oui
934;25.47;28.43;67.11;1020.26;non
935;8.15;90.34;58.03;986.76;oui
936;34.32;23.78;76.91;1020.75;non
937;3.53;39.9;75.36;997.9;oui
938;9.66;31.14;0.86;1012.66;non
939;8.46;48.58;27.53;1011.23;non
940;34;60.44;40.62;988.3;oui
941;2.5;25.87;53.05;1015.72;non
942;11.11;82.81;15.66;1029.22;oui
943;10.95;56.64;20.53;1025.13;non
944;6.04;67.68;79.66;1006.12;oui
945;7.25;24.38;16.34;1005.12;non
946;-9.99;93.2;67.51;1024.54;oui
947;-3.98;25.41;57.92;1035.73;non
948;-4.04;60.99;27.91;1002.49;oui
949;25.94;28.85;2.85;1039.66;non
950;-7.31;35.19;3.12;1003.51;oui
951;7.06;55.53;54.05;1010.53;oui
952;33.3;20.79;62.24;1007.64;non
953;14.16;98.95;60.37;994.92;oui
954;39.61;88.6;7.79;1022.38;oui
955;-9.65;52.28;18.78;1029.13;non
956;31.38;20.05;24.63;994.47;oui
957;-6.59;34.97;44.44;997.48;non
958;8.84;90.07;72.42;1009.58;oui
959;-4.66;96.27;4.82;997.86;oui
960;6.02;33.14;62.65;987.35;oui
961;-3.81;25.64;72.75;991.41;oui
962;17.23;26.23;76.44;994.82;oui
963;-1.56;88.32;1.06;1010.71;oui
964;36.74;92.74;65.57;1033.29;oui
965;4.21;43.12;30.16;1003.6;oui
966;-2.01;75.3;13.41;998.62;oui
967;29.82;79.16;51.64;989.35;oui
968;-5.63;50.19;33.08;982.39;oui
969;37.78;96.29;28.19;982.59;oui
970;9.61;95.82;11.3;1025.81;oui
971;39.06;50.53;62.02;1000.56;oui
972;-0.4;31.68;75.05;1035.06;non
973;21.27;84.66;5.52;1000.09;oui
974;21.78;48.48;11.88;1015.79;non
975;9.11;30.58;15.74;994.25;oui
976;22.14;68.08;55.69;1001.75;oui
977;0.2;57.52;64.08;990.81;oui
978;34.18;47.43;54.71;981.52;oui
979;5.81;24.46;48.79;994.45;oui
980;-5.97;31.77;23.84;985.39;oui
981;-9.7;58.71;9.86;998.46;oui
982;-1.92;97.27;16.46;1024.49;oui
983;34.22;64.32;42.76;991.73;oui
984;35.82;46.23;29.77;1025.59;non
985;37.6;79.03;47.79;1032.85;non
986;2.85;57.2;18.16;1024.63;non
987;11.19;47.37;76.92;1006.69;non
988;7.58;92.76;45.52;1025.73;oui
989;7.09;54.7;67.88;1001.8;oui
990;37.05;69.86;59.33;1028.31;non
991;9.75;24.1;32.15;1020.43;non
992;27.45;48.56;50.78;991.19;oui
993;17.28;36.33;23.35;1024.92;non
994;0.8;97.38;57.21;1037.43;oui
995;13.76;91.84;42;1022.44;oui
996;12.34;29.88;16.48;980.06;oui
997;38.86;39.39;53.06;1030.35;non
998;-2.34;78.25;48.02;1023.88;oui
999;38.77;65.89;27.33;1018.91;non
1000;34.87;29.55;26.23;1028.94;non
1001;9.68;57.87;68.36;1000.4;oui
1002;-5.59;82.14;67.8;990.91;oui
1003;-1.73;76.53;42.83;1018.12;non
1004;0.59;23.32;25.77;1013.58;non
1005;23.35;54.83;76.25;1023.15;oui
1006;16.38;40.71;4.23;1023.57;non
1007;5.14;62.6;45.15;1016.03;non
1008;8.99;69.38;77.59;1023.66;oui
1009;28.11;67.34;15.36;1020;non
1010;20.12;59.18;42.29;1000.07;oui
1011;-0.12;84.41;14.86;985.1;oui
1012;22.92;55.02;22.14;1013.49;non
1013;36.64;93.81;40.19;999.67;oui
1014;-8.16;57.98;26.91;1035.23;non
1015;17.64;79.25;38.8;985.12;oui
1016;15.9;69.13;18.93;1009.01;non
1017;-6.26;28.49;67;994.39;oui
1018;15.25;81.5;4.96;1014.61;non
1019;-8.18;24.22;66.73;987.08;oui
1020;11.89;87.52;20.99;1005.3;oui
1021;12.45;66.21;45.67;999.95;oui
1022;-4.67;49.34;7.96;1026;non
1023;38.5;89.21;48.06;1022.05;oui
1024;21.54;56.45;38.56;1025.47;non
1025;5.9;93.97;4.5;1009.14;oui
1026;20.52;63.71;19.98;1000.6;oui
1027;17.96;61.18;7.97;980.96;oui
1028;8.85;68.26;6.38;1020.99;non
1029;18.78;30.09;46.54;1025.98;non
1030;33.99;71.89;71.94;1017.41;non
1031;5.48;36.14;72.71;1025.62;non
1032;5.05;34.72;60.52;1008.45;non
1033;20.83;23.23;26.09;1008.11;non
1034;39.23;36.73;10.43;992.21;oui
1035;11.28;65.23;1.68;982.07;oui
1036;30.83;90.82;6.94;1012.3;oui
1037;9.4;86.37;10.7;1036.12;oui
1038;37.07;74.13;29.07;1036.29;non
1039;6.61;76.06;61.23;1035.76;non
1040;29.9;79.08;5.1;1003.23;oui
1041;5.22;98.64;51.42;1023.06;oui
1042;8.86;84.15;34.76;1032.17;non
1043;37.38;37.5;26.1;1025.37;non
1044;20.41;55.57;59.39;993.7;oui
1045;5;57.94;13.44;1001.29;non
1046;-7.13;66.66;70.75;989.1;oui
1047;23.24;53.55;56.09;1004.64;oui
1048;-9.63;75.34;52.91;982.3;oui
1049;38.95;53.66;40.16;1034.6;non
1050;19.1;83.82;69.15;1007.41;oui
1051;9.3;97.34;55.77;984.99;oui
1052;14.03;25.5;43.98;1005.03;oui
1053;0.2;86.12;44.62;983.28;oui
1054;15.63;43.27;37.55;1031.47;non
1055;-0.37;30.33;23.83;1026.8;non
1056;1.37;33.29;26.62;1036.4;non
1057;39.41;58.82;14.33;1033.47;non
1058;25.48;98.7;4.01;985.8;oui
1059;4.09;34.74;3.15;981.31;oui
1060;-3.28;57.42;48.47;1005.7;non
1061;29.18;20.84;60.95;1033.6;non
1062;16.78;58.16;31.14;1033.25;oui
1063;6.79;69.21;74.15;1037.72;non
1064;12.64;42.3;76.71;988.57;oui
1065;4.13;42.32;32.4;1039.93;non
1066;18.93;26.61;12.36;1006.37;non
1067;2.94;45.32;6.96;998.19;oui
1068;37.24;46.79;45.67;1034.58;non
1069;30.53;95.87;7.31;989.69;oui
1070;16.88;21.14;20.61;1007;non
1071;26.66;99.63;23;1012.29;oui
1072;10.28;33.53;78.2;1031.2;non
1073;20.16;38.18;43.5;1021.7;non
1074;39.51;68.91;29.68;1026.33;non
1075;9.23;47.76;34.54;1026.91;non
1076;29.7;66.12;27.37;1028.6;non
1077;1.22;60.36;20.87;980.55;oui
1078;15.55;55.64;77.36;1014.27;oui
1079;-3.03;65.54;69.44;1014.99;non
1080;8.6;27.4;36.63;1003.67;oui
1081;2.2;97.34;76.65;994.86;oui
1082;34.78;97.33;35.48;999.26;oui
1083;24.39;41.88;58.92;983.1;oui
1084;9.31;48.28;25.25;1009.46;non
1085;-0.39;44.76;77.99;1004.67;non
1086;18.83;98.67;19.33;1020.88;oui
1087;20.37;27.09;54.15;983.85;oui
1088;26.98;36.88;67.33;981.82;oui
1089;13.02;37.41;10.7;1037.2;non
1090;-0.05;47.83;49.62;1012.69;non
1091;4.49;39.1;17.08;1004.67;non
1092;0.87;49.33;31.27;1038.59;non
1093;30.01;39.33;5.44;999.01;non
1094;15.3;82.22;68.67;1030.69;oui
1095;24.36;45.03;4.87;1022.09;non
1096;10.46;46.35;55.47;1025.97;non
1097;30.58;43.51;35.71;1023.62;non
1098;39.37;38.01;52.99;1016.58;non
1099;-2.18;80.14;45.46;996.48;oui
1100;6.69;66.35;71.12;1014.16;non
1101;15.94;24.09;18.63;1009.52;non
1102;-0.91;60.33;25.82;995.49;non
1103;-3.34;94.22;69.42;1022.46;oui
1104;28.79;84.64;61.42;986.84;oui
1105;31.72;66.19;51.71;1007.5;non
1106;-8.28;71.12;6.52;1006.1;non
1107;17.27;30.67;55.33;1027.7;non
1108;-4.78;31.64;70.17;1011.69;non
1109;-4.66;71.96;69.44;1029.69;oui
1110;-6.24;28.99;3.94;995.45;non
1111;3;50.8;75.44;1016.62;non
1112;25.52;29;58.87;996.51;oui
1113;7.05;99.81;21.08;996.75;oui
1114;-8.77;75.74;58.03;1030.18;oui
1115;38.78;25.22;65.75;1018.78;non
1116;-3.58;72.01;78.6;1034.71;non
1117;-8;48.98;66.11;1022.09;non
1118;-7.24;54.15;37.52;1035.71;non
1119;5.58;62.03;5.28;1038.35;non
1120;13.89;48.42;54.6;1019.73;non
1121;3.41;45.25;10.02;1019.33;non
1122;19.88;89.58;71.27;1006.94;oui
1123;-6.15;73.66;65.7;994.68;oui
1124;31.94;90.17;19.45;1013.03;non
1125;-4.91;92.89;65.64;1025.6;oui
1126;32.19;55.04;27.39;1012.79;non
1127;27.83;66.59;14.93;991.29;non
1128;-7.15;67.02;67.23;981.05;oui
1129;18.64;85.56;26.14;1000.98;oui
1130;3.71;22.13;58.82;1017.54;non
1131;27.08;74.02;16.47;1001.15;non
1132;-3.51;74.1;68.69;1037.76;oui
1133;-0.79;28.45;65.03;1014.73;non
1134;29.07;76.26;66.76;983.37;oui
1135;32.54;42.89;51.24;998.85;oui
1136;-8.33;66.38;13.32;1022.73;non
1137;1.77;59.55;73.19;992.7;oui
1138;27.95;60.05;72.94;988.8;oui
1139;1.64;32.54;54.67;1015.62;non
1140;5.47;55.84;32.44;1039.05;non
1141;4.74;48.36;45.17;995.14;oui
1142;3.28;91.67;8.28;1019.39;oui
1143;-1.56;97.47;36.23;1036.74;oui
1144;5.08;35.06;24.3;985.58;oui
1145;-4.77;53.84;63.65;988.48;oui
1146;22.17;35.77;7.81;990.01;oui
1147;31.07;48.33;52.47;1012.24;non
1148;24.13;70.3;21.29;982.34;oui
1149;34.55;65.56;66.59;1039.5;non
1150;24.59;73.94;78.4;1039.14;oui
1151;2.18;83.88;8.56;1026.84;oui
1152;9.14;70.45;34.41;1006.27;oui
1153;28.11;94.89;75.26;990.49;oui
1154;26.87;40.23;5.38;996.08;oui
1155;21.66;77.68;20.57;1023.16;non
1156;8.77;70.14;11.69;1029.38;non
1157;22.61;52.42;47.68;986.45;oui
1158;35.48;41.57;65.57;1039.96;non
1159;3.26;73.03;77.24;1034.95;oui
1160;29.76;30.86;78.2;1037.86;non
1161;4.97;28.01;21.74;1028.96;non
1162;-5.58;47.38;78.51;1017.78;non
1163;-1.67;98.89;65.67;996.89;oui
1164;-7.17;29.63;46.46;1035.73;non
1165;32.15;55.67;56.69;1023.91;non
1166;8.06;70.98;5.66;1001.69;oui
1167;39.81;57.96;65.28;1005.92;non
1168;19.77;90.93;32.88;1016.26;oui
1169;10.87;31.54;7.48;981;oui
1170;1.82;36.92;58.88;999.2;oui
1171;-1.87;96.78;68.13;1031.83;oui
1172;28.12;31.51;0.69;981.2;oui
1173;12.77;61.44;0.6;1005.36;non
1174;12.13;78.58;18.64;1028.79;oui
1175;0.54;38.94;50.24;1029.8;non
1176;2.92;89.36;53.54;1006.89;oui
1177;0.21;70.14;28.7;1039.74;non
1178;14.29;65.27;73.34;1028.05;non
1179;25.93;66.9;39.39;991.54;oui
1180;2.29;93.19;26.83;1037.14;oui
1181;21.58;63.44;10.35;1002.55;non
1182;21.15;55.75;62.24;993.23;oui
1183;10.32;94.13;56.83;1005.14;oui
1184;-5.79;98.77;53.31;997.12;oui
1185;-4.53;97.27;13.98;1018.88;non
1186;25.88;82.15;53.87;1016.87;oui
1187;-6.07;46.47;19.86;1039.28;non
1188;26.63;74.78;16.97;994.34;oui
1189;10.56;38.75;1.57;1032.76;non
1190;7.08;47.08;0.57;1020.82;non
1191;-2.67;32.77;63.21;1016.98;non
1192;21.13;44.71;29.5;1026.18;oui
1193;10.02;95.77;32.52;1026.31;oui
1194;34.88;92.62;6.99;1036.19;oui
1195;29.57;36.07;64.41;1031.01;non
1196;37.61;23.99;11.99;1012.25;non
1197;22.26;21.36;76.83;982.68;oui
1198;-9.3;65.35;74.58;1019.96;non
1199;-9.34;63.36;36.77;1009.94;non
1200;24.22;60.26;61.21;1009.12;non
1201;22.41;33.79;69.79;1016.79;non
1202;38.12;61.47;5.83;1017.61;non
1203;30.18;85.43;78.32;1010.11;oui
1204;27.67;30.6;43.75;1012.77;non
1205;10.9;88.26;68.49;985.95;oui
1206;3.13;89.98;10.31;1023.2;non
1207;21.16;48.49;63.11;994.02;oui
1208;1.78;77.09;69.89;987.61;oui
1209;19.68;30.17;34.2;989.65;oui
1210;27.94;28.46;40.49;1028.88;non
1211;15.68;96.02;42.86;1003.65;oui
1212;14.65;57.75;39.22;1030.81;oui
1213;10.18;46.66;39.35;1014.37;non
1214;29.7;58.92;26.72;986.41;oui
1215;37.46;44.41;13.51;1007.64;non
1216;-8.24;45.85;43.53;1013.1;non
1217;12.37;97.24;30.19;995.49;oui
1218;12.89;80.76;16.48;1022.56;non
1219;10.95;82.07;27.1;1013.82;non
1220;27.1;24.18;68.2;991.89;oui
1221;7.63;77.81;25.54;1034.35;non
1222;-1.07;59.44;6.56;991.76;oui
1223;38.82;50.1;73.86;1012.69;non
1224;25.12;72.71;79.13;995.9;oui
1225;-7.4;29.09;0.31;1039.97;non
1226;29.34;60.78;24.01;989.08;oui
1227;8.8;80.5;43.17;984.65;oui
1228;-4.88;52.84;74.66;1018.24;non
1229;13.32;48.93;8.67;1032.56;non
1230;-1.59;60.98;38.99;1017.51;non
1231;18.99;63.22;4.03;983.77;oui
1232;-8.38;79.47;57.87;988.16;oui
1233;-2.26;44.09;19.92;1002.34;non
1234;14.45;52.59;78.93;983.36;oui
1235;-7.36;70.07;4.36;1030.19;non
1236;16.35;64.93;13.67;991.86;oui
1237;19.67;36.81;9.31;1038.21;non
1238;30.13;83.04;23.78;988.14;oui
1239;24.87;71.42;62.62;1036.25;oui
1240;-2.21;39.48;67.38;992.56;oui
1241;25.16;52.2;73.6;1019.02;non
1242;37.39;40.68;26.98;1004.14;non
1243;14.83;29.87;32.08;1001.04;oui
1244;30.16;32.27;29.32;1002.4;non
1245;29.92;76.58;15.23;1002;non
1246;21.41;29.71;78.87;1026.84;non
1247;18.93;92.91;44.33;990.47;oui
1248;32.16;71.54;52.06;1032.01;oui
1249;35.99;27.59;43.53;1024.43;non
1250;20.34;33.34;63.79;1023.21;non
1251;13.19;33.92;27;981.08;oui
1252;17.49;69.57;53.08;1030.18;non
1253;-3.98;88.12;12.53;1038.49;oui
1254;15.04;98.51;7.79;998.18;oui
1255;7.5;94.27;5.25;1012.96;oui
1256;22.64;40.45;29.17;1030.62;non
1257;31.34;65.01;60.98;1022.82;non
1258;18.44;89.42;34.57;1038;oui
1259;-2.86;51.15;76.14;999.18;oui
1260;34.06;48.01;6.66;1023.47;non
1261;29.15;55.41;38.82;1026.67;non
1262;12.16;50.1;29.39;1011.56;oui
1263;8.09;61.94;53.66;996.17;oui
1264;36.67;77.88;46.17;1018.86;non
1265;20.91;60.76;43.66;1001.57;non
1266;-0.33;96.06;32.7;1008;oui
1267;-8.12;77.37;43.05;1010.52;non
1268;27.24;33.46;15.19;1007.64;non
1269;2.37;71.62;52.08;1029.47;non
1270;-6.35;41.89;78.4;1015.78;non
1271;-9.63;61.46;3;1014.15;non
1272;38.42;63.24;36.66;1036.7;non
1273;-6.76;57.26;19.22;1008.19;non
1274;19.11;48.54;13.14;1010.22;non
1275;23.2;47.07;74.84;1034.73;non
1276;-8.03;79.3;66.21;1038.07;oui
1277;20.03;62.4;2.23;994.8;oui
1278;21.43;64.58;59.41;996.79;oui
1279;-5.59;53.09;60.01;1021.6;non
1280;3.89;59.86;26.36;1006.44;non
1281;24.21;90.6;16.28;1032.4;oui
1282;34.43;46.33;25.17;1010.73;non
1283;-7.61;48.18;68.53;1003.76;non
1284;11.24;50.84;73.23;1025.72;non
1285;39.42;57.22;4.66;995.74;non
1286;-2.15;95.81;61.35;996.1;oui
1287;26.07;95.3;70.53;1010.91;oui
1288;18.11;64.22;9.18;987.57;oui
1289;3.44;21.68;57.83;981.95;oui
1290;16.96;97.51;38.74;983.82;oui
1291;32.05;99.75;34.43;999.22;oui
1292;-0.44;69.23;32.46;982.46;oui
1293;3.26;74.89;75.9;996.08;oui
1294;-7.23;63.05;5.64;1036.04;non
1295;22.9;85.91;51.8;1038.14;oui
1296;36.23;61.37;9.37;1011.69;non
1297;19.62;58.6;49.81;980.6;oui
1298;14.57;96.04;30.69;1005.46;oui
1299;20.19;43.91;32.87;993.06;oui
1300;-3.47;49.75;2.07;993.31;oui
1301;0.06;26.41;37.96;980.6;oui
1302;30.38;81.72;73.21;1031.27;oui
1303;-7.38;82.63;67.64;1027.94;oui
1304;1.65;87.63;58.17;1038.85;oui
1305;1.28;36.94;63.4;991.21;oui
1306;39.93;21.99;66.82;1001.92;oui
1307;17.73;92.13;74.1;980.55;oui
1308;2.52;73.55;71.06;1007.6;oui
1309;-0.58;84.4;77.39;996.12;oui
1310;-5.69;64.73;40.22;988.67;oui
1311;6.71;61.75;46.85;980.51;oui
1312;25.65;49.3;4.23;1025.3;non
1313;2.01;45.88;14.71;1014.62;non
1314;7.81;75.76;44.81;1003.19;oui
1315;18.11;20.47;6.28;1032.88;non
1316;25.34;93.6;21.65;1002.23;oui
1317;34.09;95.35;59.17;985.2;oui
1318;10.52;57.66;3.93;991.46;oui
1319;12.7;44.13;30.72;1031.26;non
1320;3.62;29.4;20.16;1035.25;non
1321;16.67;67.71;29.28;1028.43;non
1322;-4.16;30.33;42.95;1036.19;non
1323;33.48;81.13;19.82;982.18;oui
1324;26.42;35.97;29.7;1010.1;non
1325;-4.34;52.51;38.81;1012.45;non
1326;-1.42;84.63;55.43;1013.35;oui
1327;10.6;31.07;53.26;1011.48;non
1328;6.9;92.55;46.99;985.12;oui
1329;27.82;83.53;39.57;1033.68;non
1330;10.53;91.89;71.7;1021.14;oui
1331;-5.56;89.2;25.65;990.7;oui
1332;10.9;40.1;25.65;988.1;oui
1333;18.61;55.35;27.74;1024.79;oui
1334;27.84;46.56;59.56;989.12;oui
1335;7.28;84.62;19.71;983.8;oui
1336;32.94;70.7;20.26;1013.32;oui
1337;22.77;38.66;69.15;998.56;oui
1338;-9.19;49.81;28.14;1012.61;non
1339;29.51;37.42;54.16;1028.19;non
1340;27.04;72.95;28.44;1028.53;non
1341;18.56;79.63;30.32;998.17;oui
1342;30.9;94.39;43.61;1019.69;oui
1343;-5.07;38.57;56.71;1029.42;non
1344;10.76;27.15;35.02;993.84;oui
1345;28.61;26.04;66.21;1005.66;non
1346;-5.52;46.99;7.18;1037.69;non
1347;12.98;37.89;74.68;1000.68;non
1348;18.16;95.5;0.31;994.29;oui
1349;-1.45;29.06;45.61;1031.71;non
1350;39.73;74.33;5.93;1039.57;non
1351;4.37;64.63;24.34;985.19;oui
1352;12.48;86.95;45.79;1039.95;oui
1353;4.02;32.78;13.13;997.11;oui
1354;35.29;98.01;18.58;1032.88;oui
1355;-4.36;89.6;50.89;989.88;oui
1356;4.36;78.94;36.27;1039.36;non
1357;7.75;58.55;40.25;998.96;oui
1358;33.74;95.1;64.41;1031.03;oui
1359;31.29;44.28;31.88;999.01;non
1360;4.28;96.93;25.03;985.88;oui
1361;-7.15;28.84;17.55;1007.86;non
1362;29.98;79.16;34.11;1000.02;oui
1363;28.7;24.17;1.03;1027.73;non
1364;-3.46;38.85;74.6;1031.57;non
1365;14.11;61.63;78.02;1037.95;non
1366;30.56;35.78;17.08;1020.57;non
1367;36.58;27.12;40.92;1035.11;non
1368;-2.17;49.33;49.53;989.56;oui
1369;35.74;33.36;9.69;985.12;oui
1370;-0.32;53.3;35.91;1015.94;non
1371;1.34;94.52;72.67;1026.88;oui
1372;6.35;70.24;22.02;1034.58;oui
1373;-6.4;92.72;76.62;984.66;oui
1374;5.17;51.43;14.37;1014.68;non
1375;15.15;26.63;49.6;1000.41;oui
1376;11.73;35.43;15.29;1026.13;non
1377;28.36;36.47;25.73;1007.93;non
1378;36.59;36.55;28.66;988.96;oui
1379;13.03;92.06;74.4;1003.01;oui
1380;34.81;84.54;0.29;999.2;oui
1381;1.49;35.97;3.02;1018.6;non
1382;-7.38;38.48;64.15;1031.09;non
1383;10.8;98.23;16.05;992.92;oui
1384;-1.36;50.35;72.87;1016.92;non
1385;36.72;23.88;16.82;1013.95;non
1386;-8.02;52.24;51.93;1021.88;non
1387;6.03;27.48;34.17;987.73;oui
1388;13.76;45.38;61.3;1009.88;non
1389;30.6;89.37;53.84;982.82;oui
1390;28.16;30.92;18.29;1032.95;non
1391;27.64;57.9;35.74;980.43;oui
1392;7.99;63.26;54.18;1022.16;oui
1393;16.57;51.98;76.3;1018.53;non
1394;-3.68;87.4;28.97;1019.63;oui
1395;-0.05;68.13;4.85;1004.8;non
1396;11.8;79.89;66.23;1026.27;non
1397;-0.29;62.93;74.79;1030.1;non
1398;5.16;54.36;37.66;989.44;oui
1399;37.35;39.26;19.2;985;oui
1400;18.99;73.36;72.93;1000.74;oui
1401;-8.06;34.94;66.5;1026.01;non
1402;8.84;62.68;0.02;994.47;oui
1403;2.52;84.47;22.37;991.49;oui
1404;33.28;39.31;6.28;1001.38;non
1405;17.53;85.34;76.77;1027.56;oui
1406;14.67;23.21;78.75;1003.01;non
1407;23.34;42.74;46.86;1015.21;non
1408;31.81;41.2;35.89;1012.26;non
1409;29.2;51.58;51.68;989.04;oui
1410;9.15;78.36;1.63;992.31;oui
1411;33.91;62.18;74.39;1009.03;non
1412;-4.01;84.21;19.76;1033.98;oui
1413;37.17;61.62;54.17;1026.71;non
1414;20.05;22.74;39.81;989.29;oui
1415;8.25;54.59;49.85;984.47;oui
1416;-0.87;65.92;50.99;1013.4;non
1417;6.78;81.21;34.62;1009.05;oui
1418;-9.08;72.32;49.49;998.59;oui
1419;-5.45;93.86;55.14;987.63;oui
1420;19.62;86.85;3.49;994.2;oui
1421;-9.54;36.11;76.72;1016.8;non
1422;-6.65;22.26;19.58;1032.89;non
1423;26.02;93.46;32.64;991.48;oui
1424;35.4;84.35;5.27;1021.55;non
1425;35.37;29.8;42.72;1032.77;non
1426;14.1;25.64;22.25;999.47;oui
1427;4.13;56.87;53.7;989.73;oui
1428;26.93;89.35;50.1;1020.14;oui
1429;37.29;30.61;61.97;995.89;oui
1430;26;80.31;17.52;1006.58;non
1431;28.5;28.32;76.99;1033.41;non
1432;31.14;61.47;36.94;998.87;oui
1433;26.49;52.87;50.34;1021.96;non
1434;-7.4;88.78;36.66;995.74;oui
1435;14.15;90.95;30.27;1024.98;oui
1436;13.8;99.33;61.64;992.63;oui
1437;1.68;52.76;62.41;1026.27;non
1438;36.11;67.41;30.39;1010.12;non
1439;17.99;58.91;40.39;990.58;oui
1440;17.09;30.49;61.29;1035.95;oui
1441;8.45;30.84;41.47;986.76;oui
1442;-0.82;40.22;32.53;1002.99;oui
1443;12.82;33.66;21.38;1010.55;non
1444;20.58;65.26;57.18;1036.26;oui
1445;37.3;39.58;10.53;998.14;oui
1446;38.6;88.75;8.8;1036.85;oui
1447;-9.53;55.39;3.69;1012.63;non
1448;13.67;69.05;69.5;1019.71;non
1449;30.97;92.45;9.58;1011.92;oui
1450;-7.65;73.48;69.02;989.77;oui
1451;32.67;93.15;21.22;1034.24;oui
1452;17.62;24.04;3.51;1023.22;non
1453;2.81;35.23;53.6;980.02;oui
1454;-6.04;35.32;30.9;1009.09;non
1455;6.04;97.11;51.33;981.41;oui
1456;33.75;44.12;7.56;1025.5;non
1457;18.52;24.29;11.24;1017.35;non
1458;15.2;63.59;22.68;1036.91;oui
1459;26.12;26.24;8.49;1009.57;non
1460;38.91;32.68;39;1001.85;oui
1461;-3.55;54.43;21.98;1033.27;non
1462;35.69;86.64;23.81;1027.36;oui
1463;38.34;62.13;24.26;1001.75;non
1464;39.47;23.14;52.39;1006.56;non
1465;2.3;62.57;38.59;1022.17;non
1466;-0.31;37.17;59.05;991.35;oui
1467;0.76;88.93;75.37;1011.11;oui
1468;1.7;23.98;21.48;1019.25;non
1469;37.2;51.7;55.51;1009.36;non
1470;3.39;56.4;37.66;1022.4;non
1471;6.47;23.38;39.7;1012.67;non
1472;28.02;98.79;75.66;991.83;oui
1473;25.22;56.31;43.25;1030.98;non
1474;8.66;59.46;46.33;991.34;oui
1475;23.71;70.66;7.96;1016.25;non
1476;-6.07;62.18;32.22;1015.33;non
1477;11.55;33.98;78.97;1013.67;non
1478;6.27;27.58;78.07;997.18;oui
1479;22.49;21.98;64.82;1012.19;non
1480;-6.92;33;71.6;1021.16;non
1481;-6.72;75.25;45.79;1004.27;oui
1482;0.84;73.57;77.65;990.54;oui
1483;11.21;55.74;20.33;1029.51;non
1484;17.17;44.38;14.54;985.15;oui
1485;-0.19;75.21;31.23;1004.95;oui
1486;8.39;28.05;24.77;1019.82;non
1487;4.31;56.81;15.48;992.62;non
1488;34.84;36.86;18.2;996.78;non
1489;21.96;26.01;10.74;1018.69;non
1490;25.4;64.59;20.48;1019.05;non
1491;16.82;54.97;21.43;1016.24;oui
1492;39.95;68.62;32.38;993.51;oui
1493;13.97;49.38;73.11;1002.1;oui
1494;9.18;86.93;52.06;1016.85;oui
1495;30.9;23.07;69.66;1010.76;non
1496;14.86;73.39;1.02;1032.29;non
1497;7.15;31.06;35.16;1009.78;non
1498;23.93;53.67;76.91;1015.96;oui
1499;-4.53;51.78;26.95;1014.17;non
1500;-6.08;25.81;68.03;992.77;oui
1501;17.14;86.63;10.01;987.79;oui
1502;37.32;53.2;26.16;1016.4;non
1503;31.85;99.64;1.81;986.77;oui
1504;31.03;42.82;19.14;1027.22;non
1505;8.47;60.46;44.83;1023.72;non
1506;20.63;66.83;43.81;1018.43;non
1507;-5.77;29.54;17.97;1010.01;non
1508;25.06;83.12;28.08;1004.28;oui
1509;-0.41;24.9;47.27;1039.35;non
1510;-7.67;82.36;20.21;1029.78;oui
1511;37.28;52.71;52.96;1007.89;non
1512;12.48;35.09;40.63;1011.72;oui
1513;26.78;73.1;9.07;1023.24;non
1514;34.7;93.59;4.41;1029.24;non
1515;8.36;63.38;11.85;1024.78;non
1516;-1.57;66.46;57.15;1035;non
1517;23.59;51.55;0.1;987.21;oui
1518;23.76;53.4;58.45;1011.31;non
1519;-0.4;87.2;57.99;1033.69;oui
1520;39.51;36.75;0.94;1039.85;non
1521;23.4;34.13;46.42;1034.24;non
1522;23.51;35.03;49.98;1000.19;non
1523;5.66;34.31;72.15;1003.83;non
1524;12.42;45.64;59.55;1038.27;non
1525;33.05;65.27;12.58;1021.44;non
1526;22.53;91.17;35.23;1034.07;oui
1527;14.43;68.26;26.05;1039.02;non
1528;-7.81;46.13;49.87;983.38;oui
1529;12.5;46.62;35.06;995.76;non
1530;24.46;61.17;16.01;999.18;oui
1531;-6.39;31.8;5.86;1028.74;non
1532;27.67;77.31;53.55;1008.62;oui
1533;-8.08;69.72;62.23;1010.02;non
1534;3.87;71.42;55.42;1032.26;non
1535;28.49;64.91;70.63;1011.67;non
1536;18.89;79.95;77.18;984.41;oui
1537;36.88;62.39;49.19;1008.95;non
1538;28.4;79.78;24.94;998.37;oui
1539;-6.38;90.49;20.53;1015.58;oui
1540;23.91;53.15;55.16;1000.64;oui
1541;39.83;80.06;51.58;1001.32;oui
1542;-8.45;64.33;60.96;1012.24;non
1543;-8.33;49.34;18.97;1006.84;non
1544;37.71;37.86;73.78;1005.55;non
1545;17.7;94.47;0.43;1024.89;oui
1546;-3.01;27.69;33.97;1036.02;non
1547;16.37;31.29;0.06;1028.61;non
1548;21.69;93.17;16.69;1019.92;oui
1549;20.19;33.11;58.88;998.07;oui
1550;19.97;33.7;59.33;998.16;oui
1551;-2.09;75.05;10.26;1005.52;non
1552;27.42;40.96;70.54;1033.51;non
1553;20.69;27.02;31.32;1022.8;non
1554;21.24;42.6;30.24;986.18;oui
1555;15.19;76.7;19.92;999.47;oui
1556;-8.71;47.28;64.26;1033.84;non
1557;12.78;22.47;70.34;980.78;oui
1558;14.46;47.35;73.94;981.46;oui
1559;17.45;37.55;34.31;1019.14;non
1560;-9.96;94.95;13.16;994.01;oui
1561;-8.11;29.84;78.91;998.91;non
1562;-4.65;77.56;68.37;995.42;oui
1563;1.15;24.52;8.27;1005.89;non
1564;15.8;40.28;75.24;1034.36;non
1565;7.72;50.49;32.95;1023.65;non
1566;32.84;95.53;26.88;1013.64;oui
1567;0.02;53.08;16.5;1032.59;non
1568;12.78;68.46;55.35;1002.98;oui
1569;18.42;55.16;5.38;1007.88;non
1570;20.73;86.57;39.52;987.11;oui
1571;5.16;75.84;63.22;997.75;oui
1572;11.06;52.84;18.51;988.18;oui
1573;-7.23;35.85;0.74;1017.64;non
1574;38.66;35.5;27.67;1001.47;non
1575;31.96;22.56;75.21;1033.52;non
1576;17.18;72.3;30.96;1018.83;non
1577;-7.3;56.58;43.97;1033.27;non
1578;31.13;36.8;31.53;999;non
1579;-2.48;60.29;64.13;1006.49;non
1580;32.44;76.48;39.24;995.46;oui
1581;18.85;37.69;21.53;1028.19;non
1582;39.6;30.43;63.69;1003.69;non
1583;34.03;53.03;43;982.96;oui
1584;2.24;74.45;9.7;986.83;oui
1585;22.39;76.97;14.28;984.78;oui
1586;3.03;88.27;69.08;1026.35;oui
1587;31.09;81.54;47.74;1000.23;oui
1588;-3.91;60.78;46.82;1001.56;non
1589;8.18;71.28;72.1;989.84;oui
1590;-2.96;70;58.31;1035.91;non
1591;37.51;25.06;48.24;983.43;oui
1592;16.49;73.55;66.53;989.02;oui
1593;33.94;45.19;10.32;1008.11;non
1594;-8.45;41.99;2.62;1005.22;non
1595;39.13;70.96;12.93;1034.35;non
1596;-2.31;93.74;60.6;1023.9;oui
1597;0.02;36.88;55.06;993.18;oui
1598;29.1;82.72;36.26;1027.53;oui
1599;22.74;38.27;21.92;998.89;non
1600;3.66;36.76;36.43;1034.51;non
1601;26.01;74.98;7.66;1035.35;non
1602;8.19;80.52;20.59;1021.61;non
1603;31.97;55.85;50.94;993.27;oui
1604;28.61;57.86;49.42;1007.38;non
1605;14.89;87.34;64.11;1004.63;oui
1606;10.3;86.1;18.21;1011.47;oui
1607;7.67;71.38;19.65;986.56;oui
1608;-5.05;41.71;68.41;1000.79;oui
1609;38.99;41.46;3.28;1022.3;non
1610;-4.96;76.6;2.49;1032.21;non
1611;-3.63;34.05;76.82;1021.59;non
1612;9.88;46.91;18.76;1008.84;non
1613;21.59;40.57;75.89;990.19;oui
1614;-9.26;58.49;26.67;1006.95;non
1615;11.78;53.19;58.62;1021.15;oui
1616;2.5;68.76;46.82;1002.18;non
1617;5.69;31.35;17.1;986.33;oui
1618;23.04;96.05;58.37;983.12;oui
1619;33.13;55.47;46.87;1038.56;non
1620;35.27;26.64;15.28;1006.45;non
1621;30.81;99.06;31.11;982.84;oui
1622;20.22;35.88;39.59;1024.54;oui
1623;14.98;44.42;77.9;1019.8;non
1624;4.02;78.49;19.37;990.3;oui
1625;4.5;70.31;9.44;1019.3;non
1626;-9.99;30.15;74.69;1032.04;non
1627;28.92;68.69;77.67;1002.42;oui
1628;-6.82;51.7;77.11;1012.34;non
1629;-3.99;76.28;51.59;1002.44;oui
1630;-8.89;44.3;73.69;999.26;non
1631;16.71;85.9;8.25;1036.58;oui
1632;-0.94;76.96;30.8;1004.14;oui
1633;38.14;30.13;33.65;1008.86;non
1634;8.16;24.18;54.84;1006.17;non
1635;30.8;84.2;38.91;997.91;oui
1636;4.41;38.88;58.44;982.42;oui
1637;-9.66;32.24;5.52;1039.75;non
1638;-2.54;39.28;74.89;1011.21;non
1639;33.67;51.6;26.8;992.44;oui
1640;5.83;74.18;23.17;1014.63;non
1641;-0.44;52.59;74.96;1002.64;oui
1642;2.75;30.16;4.68;998.32;non
1643;-1.3;80.86;1.27;1013.47;non
1644;15.33;65.03;25.07;997.71;oui
1645;33.56;35.41;7.81;1033.87;non
1646;17.57;48.76;10.06;1015.36;non
1647;0.15;56.15;63.76;1015.43;non
1648;17.4;76.22;63.42;1017.75;non
1649;25.51;74.19;1.95;1004.7;oui
1650;23.47;37.29;47.27;1034.79;oui
1651;36.07;98.28;0.85;1017.36;oui
1652;32.99;40.15;78.48;1016.82;non
1653;-5.72;34.68;60.67;981.32;oui
1654;-9.3;72.57;29.21;1016.69;oui
1655;7.12;28.64;5.57;1015.34;non
1656;27.11;60.78;33.8;1003.89;non
1657;6.78;98.08;69.88;999.76;oui
1658;32.36;55.3;1.44;984.47;oui
1659;38.47;75.46;5.67;991.36;oui
1660;32.07;69.42;51.55;981.7;oui
1661;29.41;40.72;56.69;992.89;oui
1662;0.06;34.29;27.02;1005.11;non
1663;13.84;41.65;2.33;1016.31;non
1664;4.93;89.36;59.74;1031.47;oui
1665;-3.45;75.7;16.49;1006.47;non
1666;31.27;30.08;72.25;1031.85;non
1667;27.22;69.56;64.25;1005.91;non
1668;13.12;95.28;38.91;1007.76;oui
1669;31.08;64.36;14.38;1008.07;non
1670;27.65;84.89;2.63;1008.07;non
1671;31.5;23.94;68.2;1012.9;non
1672;5.86;42.55;42.47;983.1;oui
1673;30.63;30.61;18.67;1007.2;non
1674;28.18;55.79;63.19;1017.1;non
1675;-2.18;54.96;31.75;1024.61;non
1676;9.41;33.66;18.15;1014.53;non
1677;15.75;33.65;53.03;1031.15;non
1678;14.58;98.04;26.66;1015.7;oui
1679;20.3;27.17;76.74;1022.94;oui
1680;25.21;67.18;35.99;1031.5;non
1681;14.95;94.52;46.67;1012.3;oui
1682;0.46;20.3;19.32;1010.58;non
1683;12.42;98.45;28.02;1007.13;oui
1684;-7.6;82.03;45.65;1025.64;non
1685;18.59;40.29;18.24;980.69;oui
1686;5.46;29.35;78.87;998.52;non
1687;-0.05;67.02;5.12;1031.75;non
1688;2.34;56.01;1.77;1018.44;non
1689;3.5;36.55;52.32;1004.97;non
1690;24.46;65.21;68.69;987.05;oui
1691;23.68;29.2;55.59;1006.49;oui
1692;-2.92;71.43;30.56;1037.41;non
1693;38.11;92.12;21.63;1028.21;oui
1694;2.63;54.94;41.61;997.7;non
1695;1.01;42.55;35.49;990.27;oui
1696;25.25;26.82;52.01;1019.22;non
1697;-9.85;39.83;74.22;1035.93;non
1698;28.29;27.32;41.11;993.89;oui
1699;30.52;30.8;37.49;1036.31;non
1700;38.9;99.54;44.45;990.21;oui
1701;11.22;44.75;22.45;1038.33;non
1702;26.67;20.03;47.69;1034.96;non
1703;-0.72;72.13;57.01;1021.28;non
1704;2.61;96.47;73.86;1007.44;oui
1705;12.62;53.95;12.54;1005.58;non
1706;-8.87;55.53;62.51;1020.8;non
1707;35.48;21.44;44.56;1027.24;non
1708;6.19;30.9;71.01;1008.25;oui
1709;19.29;73.94;64.34;1019.55;oui
1710;15.68;84.24;29.89;1003.29;oui
1711;35.73;27.28;51.86;1004.79;non
1712;23.98;25.37;47.5;1026.32;oui
1713;-1.47;91.79;52.49;1032.91;oui
1714;17.1;93.52;71.99;1006.89;oui
1715;9.66;51.02;22.95;996.11;oui
1716;-6.51;74.21;13.83;1000.67;non
1717;3.5;81.47;70.8;993.29;oui
1718;13.52;89.89;61.02;1010.78;oui
1719;32.37;20.76;32.23;1034.43;non
1720;17.14;62.37;27.82;1011.23;non
1721;10.92;77.13;68.9;989.28;oui
1722;10.4;75;19.99;1018.42;oui
1723;10.91;92.88;79.45;986.37;oui
1724;37.52;96.67;7.82;980.9;oui
1725;39.8;34.4;40.2;1030.91;non
1726;20.22;42.16;68.99;997.01;oui
1727;23.71;37.72;2.78;1004.55;non
1728;30.45;84.03;36.56;1016.39;oui
1729;31.36;54;22.04;995.9;oui
1730;12.46;55.21;7.29;1023.12;non
1731;-0.15;53.02;18.22;1015.03;non
1732;12.45;62.97;16.28;989.35;oui
1733;11.69;52.97;2.85;1009.88;non
1734;17.94;76.56;14.2;995.13;oui
1735;37.36;30.87;39.81;992.85;oui
1736;6.28;31.5;56.79;1012.02;non
1737;-9.54;84.65;14.1;1016.37;non
1738;19.27;45.25;6.96;993.38;oui
1739;11.4;72.66;21.1;980.72;oui
1740;20.29;97.03;47.16;1008.27;oui
1741;36.4;86.27;25.84;994.24;oui
1742;15.22;79.52;40.26;984.07;oui
1743;30.3;43.16;53.13;1005.6;non
1744;32.26;62.03;55.32;1033;non
1745;5.66;80.29;17.61;1003.31;oui
1746;26.22;52.3;17.18;1001.36;non
1747;-1.2;79.47;20.17;1007.25;non
1748;39.1;51.29;6.4;985.39;oui
1749;19.97;53.5;34.55;983.24;oui
1750;15.24;31.96;8.31;987.41;oui
1751;20.49;35.72;20.11;990.41;oui
1752;32.73;38.44;26.21;992.59;oui
1753;-9.02;73.71;41.85;1033.92;non
1754;30.21;83.36;10.17;1003.91;non
1755;2.74;41.06;44.5;1004.68;oui
1756;-3.68;97.9;18.45;1026.37;oui
1757;-2.85;88.63;24.71;1019.53;oui
1758;13.59;59.67;58.58;985.27;oui
1759;34.79;24.62;11.25;1023;non
1760;10.18;30.96;40.54;987.59;oui
1761;28.18;40.66;38.46;1039.52;non
1762;32.07;53.19;61.43;982.43;oui
1763;0.15;52.16;67.66;1000.78;oui
1764;25.47;66.89;28.58;1014.62;non
1765;-5.81;99.42;10.17;984.34;oui
1766;5.09;72.02;26.32;1003.49;oui
1767;7.15;52.86;57.63;1010.69;oui
1768;-7.91;60.25;46.74;1035.21;non
1769;18.67;88.29;19.35;1032.58;oui
1770;26.62;94.65;52.58;1006.34;oui
1771;36.01;57.62;2.32;1021.39;non
1772;-3.78;37.14;5.16;1014.46;non
1773;15.29;85.37;68.88;1016.94;oui
1774;24.76;53.44;45.24;1018.94;non
1775;35.85;30.72;53.72;980.26;oui
1776;-4.37;27.59;26.64;1002.41;non
1777;19.26;55.43;2.73;999.18;oui
1778;24.49;77.99;55.85;998.66;oui
1779;3.62;86.54;78.44;1009.63;oui
1780;-3;45.77;46.29;984.51;oui
1781;8.25;93.01;62.44;1025.33;oui
1782;21.34;71.04;50.3;1013.22;oui
1783;26.61;82.16;69.8;992.94;oui
1784;14.14;61.13;66.33;1006.63;non
1785;16.35;23.06;49.22;1029.68;non
1786;19.72;67.49;13.13;987.41;oui
1787;9.69;38.19;13.71;1020.06;non
1788;22.18;27.04;71.48;1003.36;oui
1789;13.12;51.21;69.09;1035.76;non
1790;33.2;82.52;74.46;994.75;oui
1791;3.73;85.93;0.43;1013.89;oui
1792;6.13;71.59;68.12;1016.55;oui
1793;3.23;61.56;36.04;980.7;oui
1794;23.08;67.35;58.9;1014.28;non
1795;-4.18;67.72;22;984.78;oui
1796;17.72;46.3;57.63;1018.63;non
1797;27.74;71.9;51;1013.21;non
1798;24.83;50.08;75.41;1029.08;non
1799;2.61;36.3;27.23;1008.59;non
1800;15.75;33.23;78.22;986.48;oui
1801;35.68;62.03;57.99;1006.16;non
1802;7.03;44.09;46.26;1009.89;non
1803;4.33;49.36;6.71;983.14;oui
1804;-6.29;28.3;65.03;982.33;oui
1805;3.63;89.72;38.8;998.33;oui
1806;9.1;65.14;9.16;1039.82;non
1807;7.41;76.82;29.11;1030;oui
1808;25.98;28.6;67.69;1024.14;non
1809;-2.74;45.3;78.09;995.41;non
1810;-8.5;51.78;45.71;1037.19;non
1811;30.96;63.77;3.26;998.9;non
1812;37.53;88.73;18.27;993.21;oui
1813;36.12;88.21;61.99;1003.56;oui
1814;13.22;40.27;40.4;981.83;oui
1815;34.33;80.13;33.83;1011.03;non
1816;27.04;82.73;61.06;1023.36;non
1817;6.9;57.59;26.46;1025.3;non
1818;-3.09;51.92;78.39;993.55;oui
1819;11.65;25.68;39.03;1022.13;non
1820;33.61;43.11;6.9;1036.19;non
1821;18.82;83.36;25.95;1022.97;non
1822;4.56;31.58;64.9;993.36;oui
1823;37.16;62.22;43.2;1007.66;non
1824;13.78;68.22;78.88;1036.27;oui
1825;34.46;57.43;52.6;1033.7;non
1826;38.09;53.26;48.09;1022.59;non
1827;2.23;79.69;41.67;996.11;oui
1828;17.61;72.88;25.83;1008.88;oui
1829;10.25;35.87;76.93;1010.69;non
1830;10.55;48.41;32.57;1004.55;oui
1831;17.17;59.77;10.78;1009.76;non
1832;-3.69;94.61;48.4;1019.57;oui
1833;35.45;71.03;61.53;1002.11;oui
1834;31.02;88.32;13.78;996.26;oui
1835;3.55;88.43;2.55;984.57;oui
1836;-0.01;38.55;63.84;1013.79;non
1837;11.47;52.63;9.12;1020.57;non
1838;26.04;78.28;0;1037.24;oui
1839;35.2;21.25;74.71;1028.59;non
1840;-5.34;79.1;76.79;1020.71;oui
1841;37.28;55.43;47.94;1008.58;non
1842;-6.2;60.09;54.96;1027.51;non
1843;35.45;95.36;5.15;1004.14;oui
1844;6.47;62.95;72.86;1030.79;non
1845;-5.35;67.14;42.57;995.98;oui
1846;36.37;52.21;71.22;1003.04;oui
1847;13.8;29.81;74.23;1007.25;non
1848;8.36;21.51;8.04;1009.77;non
1849;6.74;75.64;55.89;1022.24;oui
1850;35.74;59.14;36.02;991.96;oui
1851;-7.88;70.68;19.88;998.25;oui
1852;6.36;39.38;13.52;1026.49;non
1853;12.69;60.55;54.99;1018;oui
1854;-7.76;43.72;22.41;988.76;oui
1855;5.49;61.75;53.1;1002.87;oui
1856;6.81;43.22;43.3;981.42;oui
1857;10.9;95.43;57.72;985.29;oui
1858;26.62;68.88;65.62;1004.25;non
1859;15.6;63.91;43.07;1013.9;oui
1860;35.11;90.06;64.11;1036.61;oui
1861;3.26;59.6;67.72;1010.31;non
1862;-3.05;40.19;58.54;989.88;oui
1863;3.24;47.99;56.67;1002.07;oui
1864;-5;84.4;29.59;1018.91;oui
1865;0.48;90.77;49.3;1005.72;oui
1866;37.12;80.41;16.64;1000.26;oui
1867;24.78;81.26;35.3;1022.99;oui
1868;0.56;70.61;78.08;998.64;oui
1869;23.7;63.32;67.47;1025.7;non
1870;39.92;80.19;69.11;1019.07;oui
1871;-4.38;47.82;70.11;992.1;oui
1872;29.41;86.84;13.01;1031.26;oui
1873;16;86.42;33.54;991.64;oui
1874;15.26;62.51;64.45;1027.48;non
1875;29.04;35.34;4.01;1032.42;non
1876;2.33;75.63;32.76;1032.58;non
1877;-9.41;44.05;46.25;1002.56;oui
1878;33.83;93;21.28;1007.73;oui
1879;37.46;99.89;18.83;1023.62;oui
1880;-9.59;20.74;36.85;1009.3;non
1881;24.35;43.52;44.79;998.06;non
1882;10.36;38.58;42.78;991.93;oui
1883;-2.13;73.68;60.32;986.62;oui
1884;-6.46;67.85;21.15;1011.66;non
1885;36.22;63.93;46.64;1004.1;oui
1886;28.86;42.83;67.54;1005.94;non
1887;31.14;35.11;56.09;997.44;non
1888;4.82;78.05;18.39;980.05;oui
1889;-1.44;28.36;19;1002.79;non
1890;-7.77;97.65;57.29;999.39;oui
1891;12.43;70.1;11.71;991.34;oui
1892;2.81;50.42;69.7;1019.79;non
1893;24.18;21.57;58.85;1009.22;oui
1894;37.73;94.06;72.74;1010.73;oui
1895;13.25;75.19;70.72;992.42;oui
1896;30.76;98.31;70.42;996.8;oui
1897;-4.39;43.3;49.13;1028.26;non
1898;21.19;20.45;14.91;985.98;oui
1899;15.07;23.47;27.88;990.75;oui
1900;13.21;59.63;34.22;1037.36;non
1901;15.83;78.88;44.55;1035.74;oui
1902;13.18;27.08;48.72;997.29;non
1903;17.23;62.58;6.07;1021.89;non
1904;-0.55;57.55;57.63;1011.77;non
1905;6.12;68.83;75.13;1020.3;non
1906;13.03;91.27;7.56;1039.33;oui
1907;-6.09;94.67;29.05;1030.68;oui
1908;12.04;70.74;61.96;982.03;oui
1909;-0.66;47.68;27.84;1008.14;non
1910;-4.63;31.65;2.68;1008.21;non
1911;-4.22;95.7;58.67;1018.25;oui
1912;31.34;28.55;40.38;1021.83;non
1913;31.64;25.78;55.26;1012.04;non
1914;7.01;69.67;71.28;1009.77;oui
1915;10.11;28.19;4.92;983.08;oui
1916;6.86;77.43;59.43;983.05;oui
1917;3.71;63.81;11.56;988.04;oui
1918;30.21;34.45;32.53;1001.34;oui
1919;15.51;30.23;59.12;1003.81;oui
1920;8.77;59.82;27.45;994.51;oui
1921;-9.04;81.8;13.68;982.63;oui
1922;28.7;85.11;39.48;992.32;oui
1923;24.99;39.7;72.27;986.26;oui
1924;33.01;75.03;75.1;1023.34;non
1925;12.11;25.72;31.17;1024.5;non
1926;6.51;67.63;69.78;982.85;oui
1927;-2.09;75.63;8.46;1019.89;non
1928;-0.05;94.91;1.48;1006.27;non
1929;14.18;60.08;25.73;987.93;oui
1930;23.61;82.59;42.46;1015.39;non
1931;4.37;32.95;19.94;993.49;oui
1932;18.13;95.6;15.65;1018.5;oui
1933;18.01;40.4;21;982.36;oui
1934;27.23;23.8;17.54;1022.37;non
1935;12.77;75.85;31.04;989.59;oui
1936;19;95.84;5.5;1010.44;oui
1937;15.42;21.92;25.04;1029.19;non
1938;12.53;42.84;23.84;1002.99;oui
1939;38.36;55.09;31.47;1030.79;non
1940;17.6;38.48;59.48;1011.92;oui
1941;29.04;37.2;57.25;1028;non
1942;-1.37;20.21;36.07;1001.15;oui
1943;-0.6;88.77;20.62;993.59;oui
1944;14.94;37.21;21.75;990.18;oui
1945;28.5;56.99;57.13;1024.16;non
1946;38.31;85.68;16.36;991.17;oui
1947;-3.08;79.85;37.57;1026.98;oui
1948;20.23;74.91;1.47;998.71;oui
1949;-9.53;22.64;68.15;1021.04;non
1950;24.4;83.4;24.54;982.16;oui
1951;7.26;28.52;39.35;1026.11;non
1952;3.47;39.42;79.33;991.84;oui
1953;36.26;31.75;77.67;1036.85;non
1954;0.73;70.72;60.87;1039.16;non
1955;28.3;47.1;14.05;1005.28;non
1956;13.24;63;79.61;1003.95;oui
1957;8.26;51.42;55.65;1036.27;non
1958;28.42;27.14;16.89;1010.13;non
1959;2.64;61.39;1.2;995.87;non
1960;18.66;94.06;51.63;1004.88;oui
1961;29.24;36;10.47;1020.55;non
1962;29.48;79.1;50.02;1039.18;oui
1963;-4.34;86.26;20.15;1026.64;oui
1964;24.84;67.68;36.83;1001.86;oui
1965;21.82;80.1;54.28;991.9;oui
1966;29.58;58.06;42.93;1026.27;non
1967;10.47;91.63;13.01;1039.73;oui
1968;-9.25;91.2;19.6;1023.78;oui
1969;32.95;99.33;23.52;1022.61;oui
1970;10.34;87.84;29.41;1015.47;oui
1971;22.3;97.83;4.46;1014.44;oui
1972;14.07;26.28;44.84;999.92;non
1973;32.45;61.73;74.66;1028.36;non
1974;-9.75;54.23;15.8;1034.65;non
1975;4.3;61.35;21.07;992.59;oui
1976;-5.55;24.65;29.78;1023.24;non
1977;11.14;65.26;29.24;1036.17;non
1978;23.67;91.3;64.31;991.04;oui
1979;25.85;26.74;64.95;1023.13;non
1980;-4.99;77.42;54.39;1029.86;non
1981;-8.84;49.84;11.9;1013.5;non
1982;9.57;87.6;0.02;990.11;oui
1983;6.41;92.66;7.76;1016.38;oui
1984;36.92;29.8;16.96;981.77;oui
1985;3.89;89.59;48.4;1016.85;oui
1986;-5.41;55.6;79.96;1030.11;non
1987;31.16;28.24;18.2;980.19;oui
1988;-4.57;57.82;54.17;1032.47;non
1989;36.93;24.31;0.97;1019.68;non
1990;2.68;46.47;21.58;1010.69;non
1991;15.62;73.82;30.97;995.08;oui
1992;7.47;79.34;60.54;1020.01;non
1993;19.4;65.66;38.74;1013;non
1994;18.27;77.24;8.77;1024.98;non
1995;-6.67;98.09;76.56;983.63;oui
1996;-0.69;58.83;66.41;1037.04;non
1997;7.7;68.27;24.96;1034.59;oui
1998;17.91;45.98;23.47;982.01;oui
1999;12.52;46.01;37.69;1029.12;non
2000;32.88;91.8;75.74;1003.85;oui
2001;8.68;46.63;14.09;1016.44;non
2002;33.29;22.57;51.51;1025.78;non
2003;34.3;78.32;74.22;999.96;oui
2004;-9.3;20.56;19.21;986.05;oui
2005;-1.15;22.28;72.74;980.49;oui
2006;-2.39;92.98;71.42;1019.23;oui
2007;-9.73;98.79;70.23;1033.71;oui
2008;7.24;91.49;23.32;1013.76;oui
2009;36.1;31.26;17.99;1013.49;non
2010;20.97;38.57;0.08;1025.43;non
2011;30.5;56.82;72.3;1004.59;oui
2012;13.86;55.81;62.02;1011.61;non
2013;2.91;23.02;46.66;993.8;oui
2014;22.69;74.5;60.17;1010.21;oui
2015;36.82;84.59;50.85;998.22;oui
2016;3.71;36.21;35.37;983.41;oui
2017;19.42;64.56;52.46;1009.82;non
2018;20.62;77.29;33.34;1025.44;non
2019;1.06;32.91;29.76;1030.82;non
2020;9.14;67.13;57.67;994.47;oui
2021;38.6;69.4;78.51;1000.27;oui
2022;1.13;40.9;40.95;999.18;non
2023;3.14;22.86;56.35;1009.53;non
2024;-1.42;28.2;49.01;985.65;oui
2025;-8.97;39.95;71.25;1023.11;non
2026;31.06;59.44;67.74;1016.04;non
2027;39.68;38.59;49.92;1007.62;non
2028;-9.28;29.54;51.93;1014.03;non
2029;-8.41;57.54;73.97;1003.86;oui
2030;28.99;82.71;41.54;1031.48;non
2031;34.43;39.22;22.42;983.19;oui
2032;10.85;38.33;18.54;1034.08;non
2033;17.68;69.29;37.95;1003.5;oui
2034;-3.72;53.48;27.56;1009.89;non
2035;15.94;31.19;41.05;994.55;oui
2036;-6.76;81.01;34.2;1017.6;oui
2037;23.97;57.64;31.03;1002.56;oui
2038;14.74;87.93;69.98;990.23;oui
2039;21.52;44.1;1.49;1033.32;non
2040;36.46;77.39;61.01;992.09;oui
2041;16.06;33.77;24.43;999.29;non
2042;0.26;83.08;13.38;981.71;oui
2043;38.8;46.5;9.49;1014.22;non
2044;29.2;69.8;25.2;1012.51;non
2045;23.95;78.01;77.2;995.62;oui
2046;17.28;76.54;63.23;991.62;oui
2047;15.63;46.45;68.84;1008.43;oui
2048;19.03;81.85;26.61;1029.88;oui
2049;17.3;37.12;38.04;999.09;oui
2050;38.35;32.81;62.99;1039.05;non
2051;24.95;40.23;3.24;1004.17;oui
2052;-9.41;67.03;40.11;1032.4;non
2053;24.08;74.41;53.53;1036.54;oui
2054;-7.9;57.69;31.84;998.61;non
2055;9.21;54.59;78.34;985.32;oui
2056;14.01;69.9;66.41;1001.63;oui
2057;10.48;49.98;74.04;1029.74;non
2058;-4.59;54.23;7.89;1017.15;non
2059;16.12;20.58;25.33;1020.63;non
2060;38.91;89.93;28.73;982.73;oui
2061;35.56;85.65;10.24;1039.87;oui
2062;26.21;92.64;18.85;1034.5;oui
2063;38.82;42.5;76.27;983.21;oui
2064;16.61;58.23;17.88;1022.34;non
2065;17.64;40.26;76.45;981.72;oui
2066;2.12;53.13;18.62;1009.48;non
2067;25.6;66.4;7.12;1021.64;non
2068;29.32;40;33.36;1001.03;oui
2069;-3.67;65.25;11.36;1022.29;non
2070;11.73;59.05;74.19;1011.26;non
2071;18.92;75.14;8.55;1029.27;non
2072;-6.38;82.89;30.16;986.02;oui
2073;34.01;91.02;76.61;1032.06;oui
2074;9.01;85.48;29.3;1016.09;oui
2075;8.25;92.36;40.26;1007.89;oui
2076;14.68;34.27;41.05;1028.84;oui
2077;29.43;76.64;20.34;1031.73;oui
2078;-0.29;30.44;78.05;1032.1;non
2079;34.32;63.33;51.71;1012.72;non
2080;27.28;60.43;51.82;1010.16;non
2081;-1.41;42.3;12.71;991.74;oui
2082;-2.34;41.54;47.25;1016.61;non
2083;29.69;82.82;18.99;997.32;oui
2084;31.28;75.82;6.58;1005.1;non
2085;-0.63;55.86;48.08;999.64;oui
2086;32.02;45.89;67.09;986.21;oui
2087;-2.36;26.63;51.34;1008.32;non
2088;8.16;42.97;40.06;1007.36;non
2089;24.69;80.76;68.24;1038.37;oui
2090;25.8;51.54;54.17;1008.56;non
2091;26.45;96.2;66.8;1034.17;oui
2092;12.96;40.14;29.63;981.21;oui
2093;15.25;62.02;77.92;1034.69;non
2094;8.44;53.92;28.84;1027.91;non
2095;18.6;88.24;64.47;987.93;oui
2096;11.77;43.57;4;1009.23;non
2097;2.58;75.57;61.56;994.69;oui
2098;32.44;20.8;74.97;1017.66;non
2099;2.32;20.72;18.84;988.26;oui
2100;-1.67;62.29;47.21;997.88;non
2101;-8.14;22.11;59.13;999.08;oui
2102;11.59;56.24;41.03;1022.78;non
2103;-3.92;64.48;26.16;1006.55;non
2104;14.71;69.62;43.54;1024.39;non
2105;16.71;74.31;69.88;1005.94;oui
2106;28.21;66.6;5.68;1033.53;non
2107;27.42;80.7;76.25;983.25;oui
2108;11.39;46.45;7.23;1013.76;non
2109;-4.77;69;59.04;1026.04;non
2110;10.47;96.25;69.23;997.79;oui
2111;11.77;52.15;46.06;1015;non
2112;15.49;28.39;68.66;998.59;oui
2113;-4.11;96.66;7.28;993.86;oui
2114;25.26;88.02;34.73;1035.71;oui
2115;21.5;87.63;23.74;1001.26;oui
2116;35.05;98.12;72.15;987.64;oui
2117;10.49;99.26;37.78;1013.23;oui
2118;6.09;26;71.65;1028.16;non
2119;28.84;70.07;32.73;995.24;oui
2120;25.01;63.82;48.77;985.46;oui
2121;-0.31;36.67;52.9;1034.68;non
2122;0.39;71.9;69.69;1024.9;oui
2123;16.83;80.15;11.21;1000.9;oui
2124;15.56;94.33;69.94;988.07;oui
2125;7.88;43.26;49.18;1034.17;oui
2126;22.68;87.05;42.02;992.5;oui
2127;17.75;79.4;17.59;1002.1;oui
2128;37.97;55.52;60.41;1025.05;non
2129;18.59;91.54;38.02;1036.71;oui
2130;-6.29;91.32;67.81;1039.56;oui
2131;36.83;86.16;67.55;1014.15;oui
2132;36.73;54.57;43.11;1006.77;non
2133;13.53;23.84;70.56;1006.66;non
2134;-3.04;20.27;19.62;1022.28;non
2135;35.44;37.2;16.37;990.89;non
2136;28.59;90;49.13;991.29;oui
2137;13.8;96.35;19.79;1023.9;oui
2138;4.89;56.47;5.7;1027.92;non
2139;26.27;25.47;76.41;991.58;oui
2140;30.47;97.43;38.23;1023.64;oui
2141;-0.78;55.45;13.26;1038.92;non
2142;19.46;70.12;43.05;1019.73;non
2143;17.75;42.98;75.21;1025.72;oui
2144;-8.12;42.81;15.63;980.67;non
2145;23.94;38.49;40.72;1033.27;non
2146;9.73;49.8;36.46;990.62;oui
2147;8.21;88.19;60.52;1016.63;oui
2148;0.5;82.09;38.91;993.49;oui
2149;-1.73;82.17;18.32;1011.6;non
2150;18.98;90.17;69.42;1007.06;oui
2151;11.32;68.5;44.62;1019.08;non
2152;22.33;34.61;60.04;1000.35;oui
2153;-7.61;52.63;56.4;993.61;oui
2154;21.54;67;28.28;1008.95;non
2155;13.62;75.87;34.7;992.14;oui
2156;-9.71;44.08;59.91;1027.65;non
2157;37.95;60.19;73.36;1022.41;non
2158;-5.75;37.6;0.71;1022.97;non
2159;29.33;47.11;65.55;987.84;oui
2160;7.04;52.68;27.9;1025.82;non
2161;7.56;86.98;5.34;1036.54;oui
2162;-5.57;43.3;29.79;1026.58;non
2163;22.22;80.6;9.44;1029.99;oui
2164;18.87;91.18;56.02;992.1;oui
2165;14.7;24.42;76.37;987.71;oui
2166;15.31;22.05;73.98;1031.11;non
2167;1.45;29.73;29.07;995.33;oui
2168;38.32;66;71.19;1019.05;non
2169;32.73;57.71;69.49;997.49;non
2170;32.77;66.99;71.13;1036.27;non
2171;15.05;50;50.07;1027.62;non
2172;17.84;76.7;10.75;1028.84;oui
2173;37.48;47.16;8.65;1010.39;non
2174;38.48;23.09;60.28;1011.51;non
2175;-6.71;69.77;46.82;996.85;oui
2176;5.21;55.98;43.5;986.01;oui
2177;8.73;26.46;30.98;1016.01;non
2178;24.73;24.44;22.76;1029.15;non
2179;32.77;27.35;66.76;1001.65;oui
2180;-2.36;25.29;17.28;987.67;oui
2181;15.72;67.1;63.19;1019.37;non
2182;10.59;57.9;33.16;1030.53;non
2183;-9.71;72.11;16.2;1033.41;oui
2184;-6.16;28.51;39.61;1016.55;non
2185;25.84;67.59;25.99;981.52;oui
2186;0.74;86.76;33.62;1014.62;oui
2187;33.18;49.72;16.71;1026.51;non
2188;-0.4;92.35;15.85;981.55;oui
2189;21.12;72.93;24.88;999.2;oui
2190;24.01;24.65;74.33;993.35;oui
2191;-1.42;81.72;17.87;984.85;oui
2192;32.94;52.29;56.19;1013.42;non
2193;5.75;61.89;38.83;1001.23;oui
2194;-1.71;31.96;46.15;1019.45;non
2195;9.54;95.73;19.73;1020.1;oui
2196;12.41;95;58.93;1007.48;oui
2197;24.63;67.38;70.3;1001.41;oui
2198;0.69;23.02;3.44;1032.2;non
2199;23.03;69.17;67.94;1008.82;oui
2200;7.97;94.14;55.89;995.43;oui
2201;16.65;31.03;47.3;998.89;non
2202;37.43;71.32;70.15;1020.56;non
2203;15.63;74.06;76.82;995.22;oui
2204;36.2;73.63;74.5;1003.87;oui
2205;25.14;23.36;72.55;1009.07;non
2206;18.32;31.95;37.53;1029.87;non
2207;3.65;20.2;33.26;1023.7;non
2208;37.26;68.68;20.37;1035.45;non
2209;18.72;75.65;73.95;1022.74;oui
2210;25.65;23.22;30.91;1004.38;non
2211;-8.85;30.67;52.37;1028.14;non
2212;7.32;67.95;74.97;990.02;oui
2213;27.75;27.12;68.9;1028.79;non
2214;-5.45;23.93;26.78;1010.56;non
2215;3.38;92.93;29.46;982.73;oui
2216;16.56;52.66;21.91;987.88;oui
2217;39.81;46.36;30.53;1017.08;non
2218;9.6;92.39;44.8;1007.02;oui
2219;37.64;83.56;3.2;999.94;oui
2220;5.73;76.02;66.1;1023.88;oui
2221;3.63;90;61.33;1001.73;oui
2222;-4.8;83.15;42.59;997.54;oui
2223;22.08;36.76;2.43;1006.02;non
2224;33.83;94.26;42.3;1025.23;oui
2225;27.3;36.38;29.69;1018.05;non
2226;26.12;86.84;31.93;1006.88;oui
2227;28.78;43.05;25.92;1020.73;non
2228;-1.89;44.79;72;1021.29;non
2229;28.35;95.36;17.3;1026.29;non
2230;23.54;57.54;27.74;1031.74;oui
2231;-8.88;68.76;29.43;1004.94;oui
2232;5.49;95.44;14.37;1019.76;oui
2233;2.61;45.98;66.78;1025.71;non
2234;16.7;24.93;16.7;1009.15;non
2235;32.17;77.44;75.49;1021.61;oui
2236;17.73;68.02;78.16;1018.53;non
2237;26.19;92.44;63.65;1015.03;oui
2238;39.51;27.25;53.38;997;oui
2239;20.38;32.28;16.54;1017.3;non
2240;3.26;86.82;26.17;1009.28;oui
2241;1.36;51.17;48.52;1025.32;non
2242;35.77;82.13;18.27;981.49;oui
2243;-2.92;76.83;52.89;982.64;oui
2244;2.44;54.58;53.43;1005.77;non
2245;-6.72;52.12;61.19;1034.91;non
2246;11.18;76.21;75.42;996.02;oui
2247;29.8;68.78;8.85;1017.66;non
2248;15.51;62.33;70.1;1007.75;non
2249;1.55;89.94;13.68;1005.55;non
2250;28.67;57.95;28.09;1001.67;oui
2251;17.69;77.43;71.76;1034.1;oui
2252;37.62;21.99;30.15;1033.75;non
2253;3.65;44.21;48.99;1006.3;non
2254;34.75;73.94;16.36;1035.96;non
2255;-2.51;27.2;45.07;986.83;oui
2256;5;42.53;48.34;1029;oui
2257;3.12;39.62;77.26;980.49;oui
2258;-0.01;95.78;27.38;1006.42;oui
2259;19.38;45.44;44.31;1023.84;non
2260;-9.44;56.65;10.55;1019.86;non
2261;11.64;35.81;43.88;986.96;oui
2262;-7.44;96.34;11.38;1022.51;non
2263;-4.59;60.71;37.19;1037.09;non
2264;28.98;68.17;36.4;1001.37;oui
2265;20.15;66.33;18.55;982.8;oui
2266;5.69;55.41;9.17;1030.22;non
2267;31.7;31.22;70.93;1023.79;non
2268;18.29;45.01;14.26;1031.55;non
2269;9.93;33.59;30.65;1032.3;non
2270;37.58;95.7;11.59;990.64;oui
2271;9.64;20.35;21.91;1015.86;oui
2272;-3.33;28.84;73.77;1025.07;non
2273;28.46;54.31;60.68;1002.31;non
2274;26.45;53.57;78.51;1000.97;oui
2275;36.65;39.35;63.86;1005.98;non
2276;12.51;79.54;37.36;993.67;oui
2277;11.27;80.44;48.41;1021.32;oui
2278;14.07;23.55;65.4;1039.39;non
2279;-9.45;33.58;52.2;1016.72;non
2280;2.69;81.09;55.04;999.37;oui
2281;-2.64;56.21;70.5;1005.27;non
2282;19.51;35.35;46.49;1010.36;non
2283;-4.02;53.34;5.82;985.93;oui
2284;5.27;94.04;30.06;1025.47;oui
2285;25.2;40.81;75.35;1011.81;non
2286;8.25;28.02;53.9;980.47;oui
2287;-0.36;70.19;78.35;1007.86;oui
2288;15.39;59.67;74.43;1033.4;oui
2289;4.81;63.6;17.91;1006.64;non
2290;31.58;91.68;33.17;981.06;oui
2291;-1.29;69.75;2;1003.97;oui
2292;-4.97;53.9;24.57;1034.31;non
2293;1.88;26.5;50.17;1000.18;oui
2294;-8.39;30.67;54.91;992.74;oui
2295;-7.07;37.24;79.88;1005.98;non
2296;-0.87;68.79;58.09;998.87;oui
2297;20.17;51.13;44.61;1014.61;non
2298;10.14;47.47;32.07;1025.67;non
2299;37.02;43.49;33.26;1027.22;non
2300;17.35;24.27;31.89;996.24;oui
2301;5.42;90.76;54.1;1000.45;oui
2302;32.03;90.67;12.83;1000.37;oui
2303;-7.9;67.86;68.39;1002.89;oui
2304;21.39;50.05;11.28;1022.56;non
2305;24.29;21.43;17.3;984.17;oui
2306;27.82;28.85;67.07;1013.33;non
2307;38.57;26.69;72.1;987.57;oui
2308;32.57;92.5;40.51;1015.65;oui
2309;31.64;29.72;64.81;1008.88;non
2310;11.19;60.74;75.6;1012.89;oui
2311;-0.99;77.93;64.98;1020.75;oui
2312;18.24;88.87;65.73;987.34;oui
2313;10.7;40.3;69.58;1005.92;oui
2314;3.17;20.31;39.64;986.01;oui
2315;3.8;55.49;6.96;997.2;oui
2316;-2.42;71.77;73.39;1020.79;oui
2317;-4.55;40.06;71.56;1022.91;non
2318;23.19;53.14;3.56;1027.07;non
2319;13.64;91.98;26.89;997.66;oui
2320;29.85;61.2;10.46;992.9;oui
2321;9.25;86.92;76;1028.34;oui
2322;29.43;48.12;13.37;982;oui
2323;35.18;39.12;16.52;1038.19;non
2324;29.29;45.71;3;1035.07;non
2325;17.59;41.92;5.22;983;oui
2326;-6.43;80.84;38.85;1000.57;oui
2327;36.45;92.86;57.25;1033.08;oui
2328;9.06;69.1;49.89;1008.9;non
2329;39.31;85.69;34.8;1023.64;oui
2330;-4.99;48.19;32.24;980.99;oui
2331;7.96;66.43;5.92;990.5;oui
2332;20.43;96.02;79.9;1002.31;oui
2333;32.92;99.89;50.37;1027.71;oui
2334;7.77;65.94;66.64;1021.29;non
2335;6.84;31.56;18.64;1034.33;non
2336;0.99;44.77;49.35;1012.05;non
2337;-1.79;38.94;40.2;996.27;oui
2338;13.19;24.7;58.34;999.73;oui
2339;3.98;65.66;61.77;1035.68;non
2340;6.74;57.14;74.17;1034.08;non
2341;-3.4;59.64;8.53;1000.73;non
2342;21.8;95.96;79.74;1002.51;oui
2343;32.81;29.4;55.17;1004.53;non
2344;10.14;26.08;55.63;995.16;oui
2345;-3.95;89.17;39.48;1014.33;oui
2346;10.52;35.4;59.61;987.62;oui
2347;25.51;36.71;24.54;1008.51;non
2348;25.43;69.87;51.55;1022.84;non
2349;6.12;55.04;24.6;1039.1;oui
2350;-1.77;20.45;3.42;994.64;non
2351;16.67;88.64;58.94;992.94;oui
2352;15.39;84.82;67.13;1034.58;oui
2353;24.71;28.94;45.22;994.92;oui
2354;21.7;40.56;4.17;980.61;oui
2355;-9.58;28.83;19.16;993.27;oui
2356;5.3;30.19;43.65;1031.48;non
2357;4.8;64.93;57.19;1023.69;non
2358;33.54;89.61;46.31;1005.79;oui
2359;30.91;20.45;79.36;990.97;oui
2360;33.6;38;38.14;987.95;oui
2361;-1.14;49.09;29.88;1039.59;non
2362;-4.26;78.08;4.14;981.81;oui
2363;38.27;95.27;15.51;989.7;oui
2364;15.78;65.58;17.73;1025.4;non
2365;36.11;72.54;34.91;1027.39;oui
2366;4.52;47.18;74.88;989.88;oui
2367;12.7;84.1;61.73;1035.17;oui
2368;-5;67.1;62.27;985.6;oui
2369;-9.39;67.49;70.94;1020.24;non
2370;-6.85;92.24;65.13;998.85;oui
2371;4.4;91.14;70.46;1025.46;oui
2372;-4;62.56;28.54;1027.53;non
2373;35.53;21.19;64.73;1036.31;non
2374;-3.49;26.5;1.67;1017.72;non
2375;39.35;51.84;26.55;1017.47;non
2376;36.84;84.25;34.13;1018.09;oui
2377;14.53;37.33;13.58;980.01;oui
2378;-4.45;39.51;23.83;1013.62;non
2379;23.73;24.45;9.92;1009.95;non
2380;4.79;25.36;71.66;1021.51;non
2381;-6.75;97.99;54.49;1005.05;oui
2382;27.82;82.4;38.23;1005.79;non
2383;36.33;68.26;16.25;1035.18;non
2384;39.46;89.92;79.82;994.68;oui
2385;31.15;38.48;7.88;1038.77;non
2386;33.54;20.33;1.68;1007.95;non
2387;24.49;65.25;6.2;989.76;oui
2388;-0.72;83.38;33.29;985.61;oui
2389;-5.46;30.31;19.17;1031.57;non
2390;31.31;46.73;21.8;1012.95;non
2391;39.67;30.53;3.94;1021.66;non
2392;32.32;74.28;76.32;1010.66;oui
2393;38.39;87.77;24.78;991.77;oui
2394;12.65;90.22;8;995.46;oui
2395;-5.25;45.66;30.97;1017.36;non
2396;33.03;55.8;73.36;1008.07;non
2397;-2.91;20.3;42.57;986.43;oui
2398;19.46;42.05;14.02;1026.48;non
2399;-4.98;32.45;76.8;982.27;oui
2400;-9.77;89.89;24.59;1036.32;oui
2401;22.72;26.4;19.39;1026.42;non
2402;36.4;54.3;69.58;1006.94;non
2403;37.99;46.33;70.87;1030.86;non
2404;21.21;25.81;66.94;990.47;oui
2405;10.01;66.15;68.39;1038.45;non
2406;-6.98;79.93;45.21;1006.87;non
2407;15.12;47.09;60.56;1012.63;oui
2408;17.18;39.06;68.09;1013.43;non
2409;21.18;48.62;67.55;1007.2;non
2410;-5.22;51.68;78.66;1028.51;non
2411;3.89;46.39;52.03;1025.42;non
2412;15.49;84.87;34.97;987.43;oui
2413;37.62;83.44;46.3;1018.81;oui
2414;11.42;46.51;78.18;1031.81;non
2415;13.19;53.21;11.93;1037.47;non
2416;33.77;35.15;43.83;981.44;oui
2417;19.05;70.05;4.14;992.66;oui
2418;4.45;70.2;45.29;1016.73;oui
2419;3.65;39.56;10.96;1030.94;non
2420;-0.67;34.18;69.84;1024.56;non
2421;10.34;40.96;78.36;1027.83;non
2422;32.38;80.71;23.77;1005.59;non
2423;-4.45;77.82;21.4;1029.2;oui
2424;-6.17;57.84;64.17;1027.34;non
2425;7.45;56.31;47.6;1038.44;non
2426;36.16;41.55;79.13;1020.22;non
2427;20.67;41.8;21.93;986.81;oui
2428;7.38;81.03;48.64;986.16;oui
2429;20.07;96.87;53.61;990.51;oui
2430;22.42;22.26;1.19;987.76;oui
2431;11.48;59;11.04;1020.4;non
2432;4.72;21.09;6.21;1003.5;non
2433;8.84;70.25;43.78;993.87;oui
2434;20.7;88.87;60.26;1013.2;oui
2435;8.25;90.35;3.14;1039.28;oui
2436;24.06;23.04;48.44;1009.09;non
2437;3.9;91.23;44;1004.8;oui
2438;25.71;76.23;49.12;1010.62;non
2439;19.66;38.67;75.3;1015.33;non
2440;12.48;84.45;12.93;997.57;oui
2441;5.77;83.4;10.44;1025.76;non
2442;-9.37;91.86;46.51;1001.11;oui
2443;20.84;60.72;79.33;1038.99;non
2444;12.14;59.29;54.6;986.09;oui
2445;-6.24;25.87;15.67;1009.12;non
2446;14.27;46.84;6.59;1013.02;non
2447;20.75;98.18;8.91;992.73;oui
2448;38.43;81.74;71.86;1000.02;oui
2449;-4.86;24.24;68.45;1035.64;non
2450;-4.33;22.65;8.36;992.57;oui
2451;23.39;82.28;62.09;1012.1;oui
2452;19.79;45.16;44.89;1012.01;oui
2453;39.09;52.88;61.07;985.99;oui
2454;8.57;23.15;29.06;1016.64;non
2455;36.2;26.21;74.4;1022.43;non
2456;9.54;79.26;48.12;1020.3;oui
2457;14.39;99.19;17.11;1005.07;oui
2458;28.26;81.12;23.4;984.88;oui
2459;11.37;52.83;79.07;1008.19;non
2460;34.56;59.29;47.93;985.74;oui
2461;37.21;67.16;27.56;1017.54;non
2462;3.7;60.41;76.7;990.34;oui
2463;20.72;74.37;28.1;998.83;oui
2464;0.78;53.57;15.05;980.5;oui
2465;11.59;97.55;11.23;1015.24;oui
2466;29.5;82.7;9.01;1034.72;non
2467;20.65;98.85;70.59;1037.39;oui
2468;-4.72;35.07;40.04;1027.59;non
2469;22.99;45.89;27.3;1019.72;non
2470;30.6;32.47;63.2;983.85;oui
2471;22.81;88.39;20.21;999.63;oui
2472;0.58;84.89;61.89;988.72;oui
2473;28.74;46.99;50.65;983.01;oui
2474;-2.37;86.45;28.44;996.89;oui
2475;-7.49;51.73;29.6;997.09;oui
2476;27.55;25.11;57.17;1011.64;non
2477;5.65;65.93;40.06;1009.37;non
2478;0.28;80.46;36.11;1037.51;non
2479;24.14;95.26;53.08;1032.28;oui
2480;8.01;68.01;12.5;1012.13;non
2481;27.19;62.24;32.9;996.13;oui
2482;-6.41;23.48;17.38;1038.26;non
2483;22.75;90.41;17.12;1038.32;oui
2484;-4.94;28.98;45.85;1026.86;non
2485;38.89;54.75;12.04;1007.96;non
2486;31.61;56.7;47.49;996.04;oui
2487;39.3;23.92;70.92;1013.74;non
2488;37.74;58.67;26.54;990.89;oui
2489;31.64;69.15;73.06;993.92;oui
2490;-9.7;60.63;79.86;1021.7;non
2491;33.84;82.54;1.23;1029.01;non
2492;-2.52;38.11;37.49;1005.49;non
2493;-1.39;80.98;79.21;1026.67;non
2494;2.24;37.41;10.94;1013.08;non
2495;25.28;74.42;23.39;999.82;oui
2496;7.47;37.01;29.95;996.33;non
2497;31.51;88.25;17.58;983.89;oui
2498;0.58;51.47;5.13;993.58;oui
2499;30.22;36.57;26.87;988.05;oui
2500;39.61;72.45;43.37;1025.93;oui
2501;30.34;21.32;14.94;1019.29;non
2502;39.12;73.23;76.52;992.09;oui
2503;6.07;99.17;12.62;1010.98;oui
2504;11.63;57.45;78.91;1005.52;non
2505;-7.27;87.38;51.85;1004.24;oui
2506;19.58;21.01;0.1;1016.97;non
2507;-0.41;72.26;4.3;998.8;non
2508;19.01;72.94;57.69;995.31;oui
2509;-6.07;54.09;75.67;993.06;oui
2510;-4.96;68.45;54.39;1018.58;non
2511;14.32;30.76;23.15;1019.75;non
2512;16.55;74.64;50.99;1032.88;oui
2513;28.93;39.9;54.25;1034.13;non
2514;28.96;77.98;4.76;1014.89;non
2515;38.37;84.91;8.78;987.31;oui
2516;7.24;22.79;43.33;1003.27;non
2517;30.1;93.21;60.53;1029.35;oui
2518;3.18;36.68;61.21;1036.88;non
2519;34.07;71.1;31.01;1005.55;non
2520;-8.43;75.64;35.07;1013.13;oui
2521;3.87;58.07;37.66;1003.31;oui
2522;12.56;68.29;71.64;1031.97;oui
2523;3.5;22.8;20.89;996.72;oui
2524;22.46;26.54;10.83;989.34;oui
2525;26.77;88.77;75.25;992.1;oui
2526;2.02;48.7;73.17;1014.51;non
2527;14.51;22.31;5.14;1012.28;non
2528;0.77;77.75;64.85;1004.71;oui
2529;10.2;74.27;61.12;1039.52;oui
2530;10.55;33.25;16.33;1021.6;non
2531;9.73;34.39;22.81;1007.3;non
2532;1.68;78.88;0.63;1012.35;oui
2533;3.31;68.26;53.51;1019.3;non
2534;7.33;86.87;60.68;999.28;oui
2535;-6.41;27.54;46.63;983.1;oui
2536;27.66;43.55;61.06;1024.73;non
2537;26.44;79.82;31.8;992.63;oui
2538;36.07;71.17;13.83;1020.97;non
2539;19.58;78.73;41.2;1028.84;oui
2540;20.75;32.06;66.88;1036.15;non
2541;14.41;40.71;60.36;1023.3;non
2542;33.85;34.48;63.78;1007.42;non
2543;-2.09;33.41;52.95;1013.03;non
2544;-4.37;25.78;59.5;1022.71;non
2545;18.01;26.77;72.3;1034.43;non
2546;36.31;84.92;66.28;1014.18;non
2547;0.89;46.18;50.28;990.36;oui
2548;13.4;38.64;47.09;1035.39;non
2549;23.32;66.62;39.04;991.19;oui
2550;2.43;27.3;60;990.54;oui
2551;-8.59;30.97;13.86;983.26;oui
2552;31.85;49.87;69.97;992.8;oui
2553;-2.46;69.64;33.59;1016.8;non
2554;17.29;70.21;74.82;997.94;oui
2555;25.89;68.9;14.28;1002.57;non
2556;10.97;34.26;73.95;1025.74;non
2557;24;91.78;10.89;995.02;oui
2558;29.95;22.9;78.72;1007.29;non
2559;4.64;33.95;63.33;1037.32;non
2560;37.62;85.9;38.48;1020.44;oui
2561;17.94;24.64;55.7;983.17;oui
2562;31.25;38.97;25.89;1008.88;non
2563;4.37;67.4;23.82;983.33;oui
2564;-4.94;83.38;76.91;1005.62;oui
2565;-2.66;64.08;11.57;1016.67;non
2566;-0.22;81.17;1.88;1002.53;non
2567;7.62;33.88;29.86;1005.05;non
2568;22.83;93.51;32.05;991.54;oui
2569;32.7;65.73;36.4;988.98;oui
2570;3.92;95.45;70.73;985.03;oui
2571;1.25;52.86;70.15;1011.65;non
2572;0.39;84.03;49.96;1008.08;non
2573;6.71;96.79;41.61;1004.04;oui
2574;28.95;47.21;14.3;1015.1;non
2575;25.64;90.56;29.69;984.52;oui
2576;11.75;69.86;53.3;1012.79;non
2577;27.76;84.3;44.24;1009.31;non
2578;-5.8;47.17;24.87;1037.22;non
2579;23;61.41;13.39;1038.71;non
2580;-4.65;59.5;69.92;1033.24;non
2581;34.31;41.72;3.12;1030.87;non
2582;19.81;65.95;65.05;1027.18;oui
2583;17.64;97.41;79.69;986.99;oui
2584;14.99;51.01;49.05;983.36;oui
2585;33.54;37.08;34.11;1036.37;non
2586;7.92;55.24;41.56;1017.92;oui
2587;12.61;85.4;42.7;1000.31;oui
2588;25.89;64.64;4.53;990.19;oui
2589;4.13;73.87;1.47;1025.34;non
2590;5.5;62.23;17.27;1033.07;non
2591;12.22;87.95;49.27;997.54;oui
2592;25.33;97.86;71.45;1000.55;oui
2593;-9.82;22.21;65.91;991.97;oui
2594;1.86;54.09;58.45;1017.46;non
2595;15.16;94.1;65.2;999.39;oui
2596;25.43;25;2.81;990.1;oui
2597;-0.81;60.92;7.46;1035.25;non
2598;35.41;95.59;0.49;1007.85;non
2599;35.43;61.47;6;986.62;oui
2600;37.01;75.43;69.41;1001.99;oui
2601;38.72;21.37;75.81;1002.12;non
2602;24.46;98.44;77.25;989.66;oui
2603;18.28;70.98;59.15;990.86;oui
2604;21.94;87.76;43.21;1004.86;oui
2605;19.11;89.35;76.26;1020.52;oui
2606;-9.82;23.2;16.07;991.16;oui
2607;5.25;48.81;33.64;985.93;oui
2608;23.7;62.99;35.53;1018.07;oui
2609;11.38;71.29;76.29;1030.38;oui
2610;22.24;34.17;44.84;1038.88;non
2611;36.38;52.59;79.91;1014.75;non
2612;19.34;41.97;2.6;1029.25;non
2613;29.83;43.06;15.55;1038.44;non
2614;20.07;68.8;44.84;1034.88;non
2615;10.19;88.99;14.49;1012.65;oui
2616;21.27;85.36;52.28;1030.36;oui
2617;3.65;33.57;38.72;1022.11;non
2618;-9.79;47.43;77.51;1021.7;non
2619;-0.37;48.49;13.59;986.38;oui
2620;39.88;33.13;4.36;999.78;non
2621;0.24;44.11;16.07;1026.46;non
2622;21.75;50.98;72.72;1038.17;non
2623;1.15;62.05;7.3;1006.19;non
2624;16.1;46.47;43.4;1037.53;non
2625;22.74;23.47;5.31;1013.11;non
2626;-8.88;33.72;45.19;1022.2;non
2627;23.41;34.6;49.08;1004.72;oui
2628;39.75;95.03;0.34;1033.13;non
2629;37.65;42.55;30.56;985.5;oui
2630;26.34;95.55;48.86;1022.95;oui
2631;3.14;23.62;0.15;1001.04;non
2632;-6.88;34.36;9.96;1034.89;non
2633;16.88;67.45;43.48;985.94;oui
2634;-7.44;51.65;15.09;1013.7;non
2635;16.61;54.74;30.99;1030.5;non
2636;26.71;80.6;33.54;997.84;oui
2637;-5.34;23.67;8.93;991.23;oui
2638;32.46;38.85;74.81;1037.29;non
2639;31.88;49.11;5.81;1014.13;non
2640;32.5;99.68;40.65;1000.71;oui
2641;-9.76;60.73;44.44;1029.5;non
2642;35.82;70.25;67.23;988.9;oui
2643;23.76;33.62;15.18;1035.59;non
2644;13.13;45.08;53.21;1030.38;non
2645;11.35;98.55;62.71;1033.83;oui
2646;1.7;52.95;57.29;986.57;oui
2647;-7.67;54.59;66.2;981.48;oui
2648;36.62;38.95;55.49;1038.51;non
2649;1.75;28.03;11.86;1022.12;non
2650;23.71;46.89;13.58;1014.85;non
2651;26.44;55.31;27.09;997.61;non
2652;3.29;27.59;27.75;982.19;oui
2653;27.34;46.04;53.46;1023.01;non
2654;37.93;21.72;59.09;1037.53;non
2655;-1.61;46.15;13.8;1016.08;non
2656;5.85;63.16;55.27;1005.28;oui
2657;28.58;25.17;49.69;994.12;oui
2658;37.84;90.32;32.36;997.49;oui
2659;16.63;29.14;43.94;980.08;oui
2660;1;97.7;58.18;1000.98;oui
2661;15.84;37.08;42.91;1030.12;non
2662;21.69;63.28;74.18;1035.91;non
2663;5.29;56.77;14.92;1018.18;non
2664;-4.83;35.81;38.37;1033.26;non
2665;24.08;47.12;45.71;1006.84;non
2666;-7.47;59.46;23.68;999.57;oui
2667;-0.87;44.9;40.79;1031.78;non
2668;27.19;88.51;24.8;1003.57;oui
2669;31.64;23.55;24.67;1020.76;non
2670;11.81;63.2;15.81;1005.84;non
2671;35.06;40.87;69.43;1018.65;non
2672;26.23;22.84;79.79;1032.36;non
2673;2.87;50.52;28.49;1002.34;non
2674;21.06;33.14;67.68;1028.74;non
2675;32.64;39.77;1.41;1017.15;non
2676;18.36;91.95;77.59;1018.07;oui
2677;-5.81;32.86;58.66;1005.88;non
2678;5.43;68.59;14.81;1017.61;non
2679;-6.81;46.43;18.49;1033.34;non
2680;-1.17;63.9;38.49;982.75;oui
2681;39.4;72.71;29.23;1008.23;non
2682;7.24;71.92;70.62;991.05;oui
2683;-3.92;37.2;2.97;988.45;oui
2684;12.97;26.21;76.78;1032.74;oui
2685;36.67;37.61;66.91;1021.4;non
2686;29.85;47.72;61.95;995.75;non
2687;-4.6;94.81;23.28;1011.24;oui
2688;38;46.8;62.28;1031.32;non
2689;8.91;79.82;73.03;1025.3;non
2690;34.42;51.01;46.1;1029.89;non
2691;29.23;67.69;71.47;990.32;oui
2692;31.64;21.54;8.98;1039.43;non
2693;38.78;34.6;28.89;1025.17;non
2694;19.06;62.39;67.48;994.1;oui
2695;-2.23;67.68;20.04;1000.03;non
2696;-8.66;27.36;54.87;1005.74;non
2697;24.73;20.65;49.34;985.62;oui
2698;39.58;62.5;54.62;994.24;oui
2699;32.8;33.39;21.24;1006.73;non
2700;8.79;94.22;7.56;1002.25;oui
2701;1.3;72.51;13.14;983.36;oui
2702;36.5;64.14;63.71;999.96;oui
2703;14.75;95.66;59.81;1023.83;oui
2704;17.48;57.36;74.23;995.44;oui
2705;10.57;39.47;10.33;1031.44;non
2706;33.07;86.49;22.56;1012.86;oui
2707;35.76;52.34;31.49;998.17;non
2708;2.59;49.99;64;1030.06;non
2709;13.45;89.91;4.21;1033.35;oui
2710;23.93;66.6;44.24;1031.56;non
2711;7.35;63.06;64.9;992.99;oui
2712;9.98;35.11;60.72;985.45;oui
2713;-6.81;48.51;48.09;1013.37;non
2714;11.45;38.14;36.47;1037.2;oui
2715;-2.74;22.38;74.68;1011.6;non
2716;29.04;45.18;38.55;1038.12;non
2717;-2.31;30.66;16.34;1026;non
2718;-8.93;95.53;13.58;980.57;oui
2719;1.75;53.76;73.63;1032.75;non
2720;10.54;64.4;19.48;983.13;oui
2721;-0.67;35.87;37.8;1009.5;non
2722;-2.6;50.25;54.7;993.71;oui
2723;17.87;91.09;26.09;988.01;oui
2724;27.34;28.79;33.97;981.07;oui
2725;14.15;43.86;67.61;1016.13;non
2726;10.4;59.78;3.24;1033.57;non
2727;-0.93;29.63;11.49;1019.66;non
2728;32.4;80.15;35.98;1016.77;oui
2729;15.64;58.05;51.61;1013.45;non
2730;20.64;77.54;51.42;1011.18;oui
2731;12.47;39.33;0.11;1013.6;non
2732;38.6;48.92;31.53;992.11;oui
2733;28.64;39.97;48.71;1021.27;non
2734;33.82;55.5;22.79;1033.76;non
2735;-1.8;22.08;7.2;997.19;oui
2736;17.93;49.86;71.1;1007.19;non
2737;37.06;87.96;67.49;1010.74;oui
2738;-1.03;65.86;78.71;997.46;oui
2739;14.52;23.18;61.04;990.11;oui
2740;-5.72;95.75;23.34;993.59;oui
2741;37.3;76.95;59.33;1009.96;non
2742;-4.5;64.79;19.75;1038.63;non
2743;10.65;32.11;62.83;987.32;oui
2744;0.58;64.55;62.96;998.86;non
2745;13.23;79.85;17.73;993.2;oui
2746;37.71;99.24;64.61;991.29;oui
2747;7.01;45.45;76.52;1027.34;non
2748;-0.7;92.76;66.23;989.82;oui
2749;3.61;26.47;52.55;1019.23;non
2750;5.94;99.43;54.27;1023.8;oui
2751;-6.06;42.15;19.91;994.07;non
2752;18.74;46.25;65.63;991.04;oui
2753;-9.32;58.53;4.47;1038.66;non
2754;14.51;26.93;47.4;1025.53;non
2755;18.41;85.14;61.46;1028.18;oui
2756;36.88;52.44;45.5;1027.44;non
2757;39.78;21.09;28.41;996.86;non
2758;1.13;76.73;6.78;1024.5;non
2759;2.54;40.23;50.31;1025.73;non
2760;32.61;97.19;46.51;1034.52;oui
2761;34.73;20.93;77.27;1008.41;non
2762;-3.64;51.68;21.72;997.5;non
2763;30.29;20.74;25;990.46;oui
2764;2.71;40.72;39.07;1019.16;non
2765;-1.22;39.77;77.9;1003.83;oui
2766;2.08;59.24;5.93;982.08;oui
2767;9.93;30.95;55.01;1039.57;non
2768;21.23;97.04;66.52;1007.81;oui
2769;-3.59;60.97;22.32;989.67;oui
2770;-3.45;75.92;36.5;1011.87;non
2771;-3.01;66.67;78.8;985.78;oui
2772;33.47;25.78;70.07;1011.46;non
2773;5.48;43.77;24.46;1033.09;non
2774;23.49;83.9;20.57;1017.08;oui
2775;29.12;44.74;51.45;1032.93;non
2776;-6.67;61.28;27.68;1020.33;non
2777;14.28;57.3;52.37;986.21;oui
2778;35.95;73.6;1.08;992.28;oui
2779;28.22;87.19;23.37;1035.86;oui
2780;24.83;67.74;9.82;1037.79;non
2781;2.74;85.09;49.49;1030.29;oui
2782;8.85;93.75;2.9;1031.37;oui
2783;32.44;31.14;46.42;1033.29;non
2784;27.33;84.37;58.92;1035.52;non
2785;-1.34;23.82;19.72;988.59;oui
2786;-0.75;23.11;2.88;1029.89;non
2787;7.9;91.54;5.62;1038.82;oui
2788;-0.83;74.33;61.07;1005.76;oui
2789;-2.46;42.31;7.48;992.65;non
2790;35.88;26.25;34.19;1011.94;non
2791;39.88;80.27;77.66;1027.23;oui
2792;25.36;26.38;32.15;1018.8;non
2793;3.67;66.19;74.68;982.1;oui
2794;26.14;97.12;74.46;1025.73;oui
2795;0.21;63.62;61.23;1033.74;non
2796;-0.24;67.97;26.57;980.55;oui
2797;-4.34;87.42;20.68;997.08;oui
2798;8.95;20.77;22.71;987.16;oui
2799;-6.13;67.46;15.15;1001.67;oui
2800;11.22;93.26;39.84;1003.93;oui
2801;-6.34;27.16;52.16;1009.22;non
2802;35.81;51.07;47.71;1010.04;non
2803;31.55;92.94;20.35;1026.35;oui
2804;0.44;95.54;1.54;1037.92;non
2805;30.97;42.07;28.06;993.01;oui
2806;7.4;72.59;1.25;983.86;oui
2807;10.95;85.18;71.05;994.69;oui
2808;28.42;43.11;32.72;1011.44;non
2809;-8.7;32.22;50.15;984.42;oui
2810;6.89;26.23;15.34;1034.68;non
2811;22.67;50.75;53.81;1015.32;non
2812;32.36;59.36;65.8;1004.36;oui
2813;28.52;97.28;41.15;1008.42;oui
2814;34.01;97.13;25.96;1027.92;oui
2815;17.28;34.39;27.79;1035.88;non
2816;21.62;67.44;9.66;999.56;oui
2817;-0.64;84.05;77.77;992.89;oui
2818;12.75;79.82;22.53;981.19;oui
2819;37.83;51.3;33.61;1038.13;non
2820;25.96;65.02;77.97;1021.33;non
2821;24.97;78.81;23.23;998.21;oui
2822;4.84;65.02;19.95;1029.02;non
2823;31.47;68.22;14.95;1012.52;non
2824;6.17;48.12;5.07;1039.16;non
2825;23.12;49.7;51.68;1001.37;oui
2826;26.46;75.24;9.12;1019.41;non
2827;-8.56;53.19;34.68;1008.03;non
2828;5.44;45.22;4.84;1021.21;non
2829;7.47;76.42;42.99;1008.15;oui
2830;21.82;72.8;23.12;988.44;oui
2831;21.97;89.83;32.76;990.17;oui
2832;31.62;90.45;48.55;1031.64;oui
2833;-4.64;27.41;57.01;984.17;oui
2834;13.64;44.86;69.63;990.23;oui
2835;28.71;22.43;53.84;1028.98;non
2836;33.81;45.55;46.91;984.64;oui
2837;-5.29;45.21;70.01;1000.83;oui
2838;11.67;56.71;77.57;997.77;oui
2839;11;24.89;39.15;1028.8;non
2840;-6.52;32.29;61.15;1023.44;non
2841;13.41;91.07;61.34;1028.72;oui
2842;22.14;56.64;69.17;1035.56;non
2843;-7.42;96.7;22.17;1032.4;oui
2844;-4.04;26.44;12.52;994.99;oui
2845;25.07;98.91;35.32;1011.09;oui
2846;16.97;61.42;0.7;980.1;oui
2847;-4.92;76.39;16.39;1033.68;oui
2848;38.79;95.13;21.75;1010.59;oui
2849;30.31;91.07;68.1;1006;oui
2850;-5.12;23.22;60.26;1005.52;non
2851;-5.14;88.45;38.4;1029.63;oui
2852;35.8;43.83;75.98;989.1;oui
2853;11.58;86.27;37.87;1029.76;oui
2854;0.47;95.91;4.86;1033.9;oui
2855;15.01;53.79;13.75;1001.49;non
2856;0.19;34.96;39.12;1027.88;non
2857;34.66;70.92;55.15;1020.06;non
2858;24.47;25.58;68.79;1026.67;non
2859;28.4;21.01;17.38;983.91;oui
2860;27.79;85.09;0.36;1010.07;oui
2861;-2.23;71.98;6.73;990.88;oui
2862;22.68;31.67;14.82;992.27;oui
2863;1.33;51.61;52.3;1006.28;non
2864;25.96;30.12;3.91;1032.68;non
2865;-2.58;21.77;50.27;1014.94;non
2866;34.35;52.87;29.73;997.81;non
2867;-3.1;30.58;9.13;994.43;oui
2868;38.08;66.28;79.01;1002.35;non
2869;6.23;34.63;11.45;1036.7;non
2870;-7.75;32.03;33.88;991.18;oui
2871;-3.55;56.52;21.74;1001.11;non
2872;11.41;98.66;26.31;1032.59;oui
2873;37.6;83.21;52.77;1031.4;non
2874;13.14;99.14;61.57;1037.72;oui
2875;33.74;76.52;60.84;1011.39;oui
2876;31.25;87.51;53.84;998.27;oui
2877;36.78;66.89;23.85;988.95;oui
2878;31.83;85.16;51.61;1001.96;oui
2879;-9.57;86.69;6.99;1017.85;oui
2880;16.33;94.14;2.53;1026.4;oui
2881;-8.09;54.39;5.05;1027.35;non
2882;-8.55;23.24;49.01;1028.37;non
2883;17.73;83.99;48.84;993.49;oui
2884;21.41;78.73;49.67;1038.15;non
2885;37.55;63.07;53.76;985.97;oui
2886;28.47;76.55;3.21;1012.8;non
2887;39.79;91.78;1.69;1031.52;oui
2888;7.68;77.56;35.37;1019.31;oui
2889;6.13;53.95;11.65;1029.87;non
2890;10.01;91.52;39.73;1012.66;oui
2891;34.34;33.56;37.86;1038.28;non
2892;8.58;35.6;9.15;1024.42;non
2893;38.45;81.87;19.47;982.41;oui
2894;7.02;44.96;72.48;1015.11;non
2895;34.45;99.47;6.93;1031.74;oui
2896;16.2;93.19;77.87;995.73;oui
2897;-5.97;64.94;1.09;1004.71;non
2898;10.26;23.19;66.82;992.58;oui
2899;33.5;79.7;17.52;984.31;oui
2900;9.54;81.29;35.62;1000.76;oui
2901;27.43;92.18;3.98;1011.45;non
2902;13.42;90.82;28.93;1035.95;oui
2903;36.71;80.57;8.27;993.87;oui
2904;-1.49;59.59;37.71;1037.38;non
2905;29.28;95.35;70.16;992.52;oui
2906;7.39;51.99;28.86;1029.58;non
2907;16.18;98.6;4.8;1009.28;oui
2908;-2.44;68.92;19.16;1032.04;non
2909;6.45;67.86;14.69;997.09;non
2910;7.68;61.99;47.97;1014;non
2911;5.39;30.11;60.86;1031.05;non
2912;10.35;59.89;42.67;1019.57;non
2913;26.07;24.96;37.46;1029.66;non
2914;-2.55;98.8;71.14;1026.28;oui
2915;-0.81;95.31;42.59;1031.14;oui
2916;6.76;98.84;41.75;988.44;oui
2917;14.1;23.4;37;1005.14;oui
2918;7.75;98.6;14.46;1015.46;oui
2919;26.69;99.58;65.53;1013.34;oui
2920;31.75;94.88;79.14;1003.79;oui
2921;-2.2;40.28;7.12;996.3;oui
2922;32.65;82.31;50.49;1010.84;oui
2923;9.54;87.3;54.18;1021.87;oui
2924;34.26;40.16;30.49;1026.66;non
2925;34.46;47.71;29.55;1033.32;non
2926;15.81;46.62;22.13;1019.36;non
2927;33.96;82.34;15.26;1021.64;non
2928;-0.77;41.86;32.72;1021.95;non
2929;16.61;81.47;60.64;1017.07;oui
2930;6.71;90.5;49.19;1029.34;oui
2931;0.92;63.39;29.69;1021.85;non
2932;31.81;74.25;54.76;993.03;oui
2933;32.08;83.12;26.42;1012.14;non
2934;16.92;31.67;44.24;1018.92;non
2935;14.93;90.05;8.69;1027.5;oui
2936;-8.16;34.85;61.2;1004.31;oui
2937;16.24;21.78;57.34;986.61;oui
2938;-1.59;47.64;60.9;1037.25;non
2939;31.47;35.26;64.57;1019.45;non
2940;5.13;30.54;30.64;992.22;oui
2941;39.73;20.96;43.27;1014.42;non
2942;15.3;63.5;37.73;996.13;non
2943;10.43;24.21;44.04;998.44;oui
2944;-3.29;94.61;71.56;991.4;oui
2945;20.67;27.65;28.37;995.07;oui
2946;32.63;66.39;41.63;1035.84;non
2947;38.47;30.03;12.84;1020.6;non
2948;-9.08;24.96;71.05;1032.13;non
2949;34.55;67.49;64.47;1005.65;non
2950;11.69;56.58;44.08;986.33;oui
2951;2.21;35.88;42.14;1012.23;non
2952;28.59;61.33;48.78;1023.42;non
2953;18.53;90.74;1.39;1004.31;oui
2954;7.66;56.7;78.52;991.96;oui
2955;32.97;89.48;37.77;1010.85;oui
2956;26.93;41.21;1.35;1008.78;non
2957;34.79;96.5;70.37;1014.8;oui
2958;28.74;79.19;43.05;985.24;oui
2959;12.78;49.07;50.37;1020.43;non
2960;31.85;43.19;14.93;1004.38;non
2961;38.27;84.74;75.23;988.44;oui
2962;17.89;43.22;66.24;1020.32;oui
2963;2.74;58.86;40.1;994.35;oui
2964;12.16;55.74;29.02;981.02;oui
2965;6.76;20.11;24.64;996.72;oui
2966;-3.41;60.61;55.4;1017.81;non
2967;12.6;61.53;64.83;1005.66;non
2968;11.73;53.42;60.82;990.49;oui
2969;1.21;48.73;18.43;1014.76;non
2970;29.33;49.16;79.1;1015.63;non
2971;31.78;78.39;59.94;991.77;oui
2972;33.09;60.32;54.68;1015.28;non
2973;4.23;66.04;9.86;1021.41;non
2974;-7.86;74.06;33.18;987.45;oui
2975;-0.29;53.24;30.75;1024.3;non
2976;20.35;21.81;74.48;1021.17;non
2977;30.94;36.02;46.34;1008;non
2978;34.49;54.99;6.03;1036.8;non
2979;24.22;57.43;7.43;1027.44;non
2980;-6.57;62.99;12.81;980.46;oui
2981;-3.14;32.84;6.15;992.31;oui
2982;30.45;56.2;40.52;981.96;oui
2983;2.88;63.51;59.16;1016.3;non
2984;-4.08;82.46;29.1;1024.16;oui
2985;26.93;92.58;73.68;1012.11;oui
2986;3.28;94.86;36.63;987.66;oui
2987;-3.65;60.2;44.9;1000.27;non
2988;37.18;81.87;67.11;1002.01;oui
2989;14.27;36.09;9.95;1000.7;non
2990;39.91;23.94;35.29;1007.13;non
2991;18.57;32;62.71;999.95;oui
2992;25.78;91.12;66.86;1016.5;oui
2993;15.16;81.5;70.2;986.23;oui
2994;28.81;54.53;26.58;1004.68;oui
2995;39.99;59.44;16.68;989.77;non
2996;17.94;63.57;16.42;1021.72;non
2997;2.95;47.53;79.24;1002.46;oui
2998;12.64;83.47;61.52;1020.07;oui
2999;36.96;66.4;19;1003.92;oui
3000;22.54;34.22;4.1;1020.98;non
3001;14.98;79.74;45.01;985;oui
3002;0.97;40.63;45.23;1010.24;non
3003;-6.62;33.71;78.75;1008.11;non
3004;32.44;60.92;56.54;991.57;oui
3005;3.62;86.56;6.7;1026.39;non
3006;34.06;44.34;52.35;1009.25;non
3007;22.27;95.8;3.3;1035.13;oui
3008;30.37;50.71;37.75;1032.13;non
3009;16.73;21.62;12.69;1018.5;non
3010;19.13;31.46;35.63;1001.31;oui
3011;33.52;82.07;6.72;1033.42;non
3012;27.19;31.2;53.66;994.18;oui
3013;-9.16;32.13;7.37;994.38;non
3014;24.6;22.32;49.42;988.44;oui
3015;36.65;38.04;49.15;981.68;oui
3016;16.15;23.46;27.4;984.61;oui
3017;23.5;57.59;30.7;987.15;oui
3018;-4.99;84.6;10.82;1015.72;non
3019;1.3;71.16;36.56;1004.01;oui
3020;14.56;44.28;44.72;1020.17;non
3021;13.29;24.61;14.91;1013.63;non
3022;34.14;25.6;33.53;1014.98;non
3023;28.27;79.54;72.27;980.51;oui
3024;31.36;73.65;71.55;983.43;oui
3025;18.45;22.85;41.08;1016.57;non
3026;3.67;71.23;37.46;1031.48;non
3027;3.33;98.79;72.89;981.74;oui
3028;-4.48;22.2;21.9;996.16;oui
3029;25.53;98.53;56.92;1005.1;oui
3030;39.97;76.81;60.93;1036.3;non
3031;25.24;88.06;76.35;992.66;oui
3032;24.03;39.8;48.04;995.45;oui
3033;12.08;62.34;35.95;1009.59;non
3034;-2.05;23.79;15.68;1014.92;non
3035;-1.54;28.68;59.94;998.31;oui
3036;25.72;46.14;23.16;1011.42;non
3037;-4.12;34.07;61.98;1010.83;non
3038;23.68;53.9;40.87;992.85;oui
3039;38.96;25.88;22.71;994.58;oui
3040;8.94;85.45;73.03;992.13;oui
3041;21.84;61.75;34.73;991.52;oui
3042;10.06;83.65;61.09;988.04;oui
3043;35.41;62.84;68.62;983.49;oui
3044;16.97;88.86;7.81;994.43;oui
3045;33.29;95.11;79.42;1037.55;oui
3046;-7.61;31.81;27.91;1029.8;non
3047;-0.66;69.57;73.39;1007.82;non
3048;12.89;50.06;46.21;1006.32;non
3049;39.7;63.48;37.89;1037.28;non
3050;-0.54;84.64;20.87;1027.95;non
3051;-8.34;61.36;15.73;1025.47;non
3052;36.18;82.64;14.46;1028.01;non
3053;23.45;86.58;45.91;1007.96;oui
3054;4.9;34.61;49.33;994.03;oui
3055;-9.97;68.67;28.97;1025.14;non
3056;14.3;52.57;52.05;1001.37;oui
3057;36.81;87.84;73.62;1006.95;oui
3058;27.1;75.69;71.25;1022.98;oui
3059;7.43;86.64;55.81;1021.48;oui
3060;29.28;92.03;17.48;1017.53;oui
3061;39.48;58.31;18.27;1002.91;non
3062;-6.2;68.29;74.5;1031.02;non
3063;39.67;75.9;12.98;980.74;oui
3064;31.91;21.73;18.65;1025.44;non
3065;29.14;79.69;4.05;1033.55;non
3066;17.67;71.54;13.49;1038.57;non
3067;-7.12;94.98;46.9;1021.95;oui
3068;31.74;22.65;21.47;1008.18;non
3069;25.3;51.49;21.81;980.2;oui
3070;31.69;51.6;45.14;993.66;oui
3071;-9.39;59.09;51.54;1035.09;non
3072;28.26;67.81;74.16;1003.9;non
3073;34.36;23.94;10.91;984.94;oui
3074;-9.47;88.93;36.1;980.24;oui
3075;-0.66;69.95;54.35;1009.25;non
3076;22.81;87.36;57.63;1029.8;oui
3077;34.44;45.78;1.07;1030.6;non
3078;22.78;38.51;20.14;1008;oui
3079;-2.52;86.08;23.3;1028.52;oui
3080;11.37;49.2;64.18;1011.77;non
3081;21.14;32.23;67.58;991.75;oui
3082;2.53;78.71;22.77;999.07;oui
3083;27.39;64.55;70.64;998.44;oui
3084;27.65;32.12;32.05;1008.97;non
3085;6.11;74.91;17.27;1022.56;oui
3086;18.26;68.91;5.51;1031.87;non
3087;20.75;98.33;47.64;1023.48;oui
3088;-6.98;83.81;2.8;1022.04;non
3089;33.12;32.61;41.14;1015.83;non
3090;7.04;57.43;24.91;1006.29;non
3091;18.31;39.03;79.09;1010.05;non
3092;13.85;89.31;1.74;1020.77;oui
3093;-1.52;85.4;29.51;997.63;oui
3094;21.93;91.86;50.39;1024.45;oui
3095;-7.26;82.08;49.1;984.17;oui
3096;-5.88;78.88;43.72;1037.21;non
3097;20.3;36.93;49.13;1023.36;non
3098;30.75;88.28;6.18;1000.6;oui
3099;14.93;35.25;44.22;1004.45;oui
3100;30.49;52.61;2.12;983.48;oui
3101;38.03;75.07;29.15;1036.32;oui
3102;32.22;81.27;30.33;1008.72;non
3103;4.6;82.25;71.52;1023.47;non
3104;-5.67;24.56;29.95;1007.83;non
3105;-9.68;99.18;29.12;1030.89;oui
3106;-3.48;83.81;56.79;1011.65;oui
3107;-5.63;72.47;72.9;985.59;oui
3108;35.12;42.75;52.32;1012.09;non
3109;10.79;44;3.88;1024.66;non
3110;23.54;71.49;19.5;981.34;oui
3111;14.56;44.55;8.15;983.76;oui
3112;30.24;93.5;71.74;1035.2;oui
3113;16.36;37.55;63.84;992.82;oui
3114;1.66;61.2;25.75;989.25;oui
3115;33.7;65.64;70.27;991.75;oui
3116;18.78;57.07;52.81;1027.68;oui
3117;37.11;51.86;16.51;1013.05;non
3118;4.44;36.63;31.73;986.67;oui
3119;22.84;68.82;56.67;1019.62;non
3120;4.55;30.36;67.44;1024.81;non
3121;7.07;97.33;47.53;1028.07;oui
3122;0.5;82.71;54.87;1020.86;oui
3123;18.18;78.86;21.6;1001.17;oui
3124;5.44;63.7;56.21;1040;non
3125;11.4;87.41;64.44;1023.86;oui
3126;6.2;68.7;70.1;1033.03;non
3127;11.42;57.18;78.21;1020.68;non
3128;-8.7;65.23;7.69;1030.07;non
3129;13.03;54.34;71.79;997.31;non
3130;36.96;84.74;65.65;991.71;oui
3131;-8.7;38.96;61.94;994.4;oui
3132;2.6;51.62;78.65;994.69;oui
3133;5.05;28.77;39.19;1002.72;oui
3134;30.88;63.54;2.58;1017.14;non
3135;20.82;74.8;15.82;1029.16;oui
3136;30.65;44.41;46.93;1034.89;non
3137;31;20.76;0.29;1025.58;non
3138;29.45;94.4;9.43;993.92;oui
3139;-1.14;74.58;42.44;984.99;oui
3140;16.02;88.19;56.6;1017.31;oui
3141;4.93;29.54;32.73;981.71;oui
3142;11.62;53.49;3.54;1015.34;non
3143;-6.09;95.45;7.95;1031.29;non
3144;34.11;21.58;60.62;1001.7;oui
3145;10.09;25.67;61.4;984.28;oui
3146;-7.45;58.35;57.84;1003.59;non
3147;27.95;82.74;73.82;1002.57;oui
3148;8.16;40.57;60.08;1000.38;oui
3149;10.18;77.01;73.42;1020.01;oui
3150;28.96;71.28;4.85;985.74;oui
3151;12.84;86.07;25.05;1003.05;oui
3152;31.85;73.2;21.34;987.02;oui
3153;-4.65;43.41;44.14;983.84;oui
3154;-0.95;70.56;49.26;1013.05;non
3155;8.56;27.74;18.12;1033.86;non
3156;22.38;93.35;51.42;981.99;oui
3157;-5.05;74.61;20.23;1003.52;oui
3158;11.82;40.04;26.76;1000.49;oui
3159;29.93;56.68;15.99;1028.66;non
3160;0.52;49.28;70.43;987.91;oui
3161;14.7;42.11;45.5;1007.1;non
3162;-4.4;31.28;65.69;1033.15;non
3163;-4.33;24.27;48.66;1022.92;non
3164;23.98;77.04;74.83;983.89;oui
3165;-6.57;89.44;63.41;1014.48;oui
3166;3.67;43.82;44.86;995.48;non
3167;26.54;43.93;36.19;987.66;oui
3168;18.28;92.13;39.64;1036.49;oui
3169;18.82;94.71;25.85;1001.94;oui
3170;19.46;77.75;61.88;988.99;oui
3171;-1.16;72.97;12.64;1034.25;non
3172;4.57;88.07;36.68;981.44;oui
3173;-5.77;98.83;47.05;995.39;oui
3174;-6.16;83.99;74.03;1032.47;non
3175;6.29;22.81;52.11;1012.09;non
3176;35.38;33.43;0.77;984.4;non
3177;-8.34;60.23;25.13;990.83;oui
3178;0.22;75.01;27.94;1010.71;oui
3179;-8.13;60.02;68.35;1015.28;non
3180;9.88;74.42;71.26;982.46;oui
3181;6.25;38.62;21.19;993.28;oui
3182;-3.47;94.72;11.54;992.26;oui
3183;36.65;80.46;63.18;986.29;oui
3184;10.41;41.03;46.06;1029.33;oui
3185;34.5;94.25;19.05;1005.43;non
3186;33.97;32.37;68.92;999.76;non
3187;-8.04;46.15;71.07;981.53;oui
3188;-8.43;49.67;13.81;995.13;oui
3189;11.8;41.9;47.15;988.53;oui
3190;17.31;39;54.33;1009.49;oui
3191;37.41;29.26;26.77;999.17;non
3192;30.52;80.79;38.75;1012.27;non
3193;17.78;83.31;45.91;995.92;oui
3194;8.07;63.59;39.01;1002.87;oui
3195;34.19;20.42;74.69;1010.69;non
3196;32.78;57.37;66.8;990.66;oui
3197;22.87;89.61;71.39;1018.62;oui
3198;6.57;98.4;25.58;1024.65;oui
3199;20.43;51.48;77.19;1014.3;oui
3200;-9.62;65.81;57.37;1024.7;non
3201;-9.78;20.03;37.78;981.76;oui
3202;1.1;57.81;4.89;1011.32;non
3203;-7.77;46.81;31.31;1039.4;non
3204;17.24;98.99;63.36;1039.6;oui
3205;14.48;75.71;8.84;1006.47;oui
3206;15.27;76.22;59.66;995.21;oui
3207;12.99;36.81;69.23;1005.07;oui
3208;17.4;50.55;64.79;1015.07;non
3209;-4.52;91.64;2.84;1031.79;oui
3210;21.97;93.78;12.14;1014.02;oui
3211;27.88;62.05;49.98;1025.45;non
3212;28.09;48.32;79.74;1006.07;non
3213;8.13;30.22;9.72;996.89;non
3214;24.43;25.92;16.26;985.57;oui
3215;3.39;65.75;77.17;1032.53;non
3216;-1.2;41.19;6.11;1026.71;non
3217;17.83;39.83;19.48;1039.44;non
3218;31.85;65.76;69.68;1018.73;non
3219;4.07;67.63;55.21;1003.58;oui
3220;38.99;59.5;31.25;1008.32;non
3221;22.27;23.58;43.37;981.04;oui
3222;6.42;57.76;63.89;982.79;oui
3223;9.9;38.39;27.03;1039.89;oui
3224;34.2;94.96;27.27;997.82;oui
3225;31.51;74.36;18.89;1002.62;oui
3226;16.41;91.1;30.45;1034.51;oui
3227;27.32;94.42;72.61;983.42;oui
3228;13.85;54.52;51.27;1036.68;non
3229;12.59;35.39;71.53;1037.87;non
3230;-4.8;82.82;55.77;1001.28;oui
3231;38.79;64.63;45.26;997.85;oui
3232;11.98;44.18;5.37;995.16;non
3233;17.1;68.13;48.69;1003.29;oui
3234;31.71;58.1;79.02;1006.38;non
3235;-7.48;72.27;68.11;1036.55;oui
3236;4.11;66.03;36.06;1013.83;non
3237;32.81;92.77;35.97;996.83;oui
3238;24.19;44.98;72.76;1020.26;non
3239;17.97;23.66;74.55;1017.68;oui
3240;16.87;76.81;4.5;1017.9;oui
3241;28.93;81.61;18.1;1038.52;oui
3242;-6.22;94.92;23.16;1021.36;oui
3243;38.39;28.12;39.82;1005.68;non
3244;22.28;30.48;57.33;1038.84;oui
3245;33;48.77;25.99;1011.02;non
3246;37.27;31.5;72.24;985.01;oui
3247;-2.4;23.05;57.56;996.82;oui
3248;17.75;28.7;74.57;1007.14;non
3249;15.05;68.35;24.22;992.02;oui
3250;12.01;51.21;53.81;1021.43;non
3251;6.94;52.94;7.75;994.15;oui
3252;39.81;78.92;7;981.21;oui
3253;11.96;82.94;73.88;1015.96;non
3254;29.11;96.46;46.42;1020.92;oui
3255;9.08;78.77;74.22;1017.74;oui
3256;-1.42;36.96;42.56;990.59;oui
3257;4.58;83.32;64.65;1007.83;non
3258;22.34;99.42;49.81;982.15;oui
3259;6.02;35.66;65.04;1030.69;non
3260;6.28;38.9;72.67;1010.16;non
3261;10.77;70.48;30.87;1000.38;oui
3262;19.55;43.48;11.95;1002.11;non
3263;21.43;93.16;2.89;994.62;oui
3264;15.11;54.38;58.32;994.54;oui
3265;34.19;92.85;76.7;1026.4;oui
3266;1.73;35.81;0.52;1022.41;non
3267;-0.65;70.96;59.72;1035.66;oui
3268;38.51;47.57;27.99;1012.58;non
3269;-9.93;78.54;60.14;1024.82;non
3270;16.11;48.8;1.28;1013.75;non
3271;-6;80.44;0.76;1037.54;non
3272;39.15;24.64;46.68;1000.96;oui
3273;8.06;40.84;68.6;1002.48;non
3274;9.51;72.36;20.35;1005.92;non
3275;19.4;80.5;33.07;1005.21;non
3276;0.1;32.37;38.54;1011.76;non
3277;-6.34;67.99;42.12;1010.97;non
3278;0.28;23.26;53.78;1000.71;non
3279;2.57;44.75;49.35;990.36;oui
3280;14.12;56.74;77.92;982.73;oui
3281;19.1;83.66;34.43;1007.23;oui
3282;34.8;39.1;15.94;1009.77;non
3283;6.12;72.16;56.65;1026.72;oui
3284;10.12;97.36;48.91;1023.71;oui
3285;23.5;40.62;19.61;1022.88;non
3286;24.16;41.56;47.9;1006.64;non
3287;4.54;77.24;64.47;995.59;oui
3288;23.06;75.65;56.33;1020.96;oui
3289;9.74;40.39;12.55;1021.55;non
3290;36.89;86.13;68.6;1034.4;oui
3291;32.34;32.64;1.73;1027.09;non
3292;39.43;73.98;60.28;994.75;oui
3293;-7.84;87.03;13.57;1021.84;non
3294;-6.58;58.52;13.54;1023.77;non
3295;7.12;65.4;22.8;1002.68;oui
3296;-1.04;26.58;26.27;1005.46;non
3297;8.62;83.19;3.15;1005.91;non
3298;22.38;97.3;40.83;1039.21;oui
3299;-8.46;33.25;31.61;998.98;non
3300;11.63;47.05;9.81;997.77;oui
3301;5.1;77.12;48.96;1005.63;non
3302;8.45;67.37;28.06;992.89;oui
3303;33.99;55.23;50.02;1009.42;non
3304;17.35;58.46;73.97;1023.18;non
3305;-1.11;82.97;66.87;1012.71;oui
3306;21.6;55.13;54.42;986.51;oui
3307;27.51;70.49;25.31;989.66;oui
3308;23.08;70.7;30.61;1016.8;oui
3309;-8.69;56.05;60.68;1012.77;non
3310;15.83;99.35;4.37;1009.46;oui
3311;-2.01;50.64;12.44;1037.82;non
3312;6.81;71.18;42.7;1028.94;oui
3313;-9.99;81.05;59.75;1010.58;oui
3314;35.42;61.91;48.64;1039.79;non
3315;6.23;34.62;71.67;1024.67;non
3316;39.09;78.48;68.04;982.89;oui
3317;24.93;63.44;53.33;1029.07;non
3318;32.43;33.03;21.67;982.6;oui
3319;9;84.42;52.25;1006.2;oui
3320;-7.36;34.42;50.16;1018.48;non
3321;10.15;77.8;54.72;1037.8;non
3322;17.58;68.14;79.89;992.07;oui
3323;7.31;62.07;18.57;982.86;oui
3324;6.79;34.56;25.91;982.96;oui
3325;19.06;85.18;33.85;1034.2;oui
3326;18.7;59.34;58.66;1014;non
3327;-2.72;68.49;39.13;985.76;oui
3328;15.74;86.15;6.09;1000.91;oui
3329;22.42;43.2;67.63;1009.6;non
3330;38.83;95.77;28.68;988.43;oui
3331;-8.48;21.66;31.64;1036.46;non
3332;15.57;65.22;0.47;992.93;oui
3333;27.73;31.65;69.52;1018.6;non
3334;-2.11;70.21;72.07;1023.1;non
3335;19.37;44.86;79.93;1024.93;non
3336;11.16;69.45;27.33;981.73;oui
3337;36.52;70.1;6.72;1033.1;non
3338;2.19;43.77;46.18;1012.68;non
3339;25.88;45.32;62.57;990.52;oui
3340;23.19;74.66;38.52;1020.02;non
3341;32.58;24.44;11.9;1014.61;non
3342;-6.19;93.66;77.89;1016.36;oui
3343;27.07;46.27;39.46;1034.97;non
3344;36.35;41;18.6;997.86;non
3345;5.71;49.94;49.65;1025.75;non
3346;30.72;22.57;3.82;1027.36;non
3347;18.91;24.21;20.43;1018.3;oui
3348;35.85;60.03;43.64;1029.98;non
3349;15.84;92.41;63.19;1034.54;oui
3350;16.22;87.4;8.89;1027.68;oui
3351;30.41;68.96;15.46;1008.4;non
3352;21.69;54.18;71.95;1011.16;non
3353;-6.89;93.77;14.17;1011.7;oui
3354;0.77;62.19;19.25;1025.58;non
3355;32.8;91.56;51.9;1023.52;oui
3356;9.22;71.85;72.66;1005;oui
3357;9.42;54.83;5.88;1009.91;non
3358;19.42;49.03;49.05;1032.69;oui
3359;19.18;23.41;77.54;1022.35;non
3360;-2.64;31.47;13.42;982.73;oui
3361;17.04;76;66.25;1027.49;oui
3362;38.36;55.13;76.03;1023.4;non
3363;24.09;74.94;72.47;1002.38;oui
3364;-9.39;46.57;4.98;1011.31;non
3365;0.32;62.2;16.32;987.24;oui
3366;-6.04;66.99;2.51;986.4;oui
3367;19.57;22.32;45.87;1030.31;non
3368;-3.44;67.4;53.78;982.23;oui
3369;35.31;88.04;65.97;1024.7;oui
3370;23.93;84.51;53;999.66;oui
3371;34.85;21.37;55.91;1037.29;non
3372;39.7;75;2.75;1029.62;non
3373;12.3;44.97;21.48;1005.88;non
3374;21.67;85.05;23.77;992.82;oui
3375;23.52;92.09;1.28;1031.18;oui
3376;21.07;27.31;34.61;993.64;oui
3377;15.2;85;59.5;1015.46;oui
3378;11.37;97.82;44.82;995.24;oui
3379;20.57;61.83;0.62;1029.8;non
3380;23.09;25.5;28.96;1036.12;oui
3381;4.28;32.56;35.93;1001.35;oui
3382;38.32;49.04;4.98;1033.86;non
3383;37.64;73.17;75.34;991.98;oui
3384;14.41;56.05;26.52;1037.46;oui
3385;23.08;33.03;58.75;1023.62;non
3386;36.24;33.36;21.39;983.79;oui
3387;21.09;45.2;13.11;982.41;oui
3388;12.66;39.77;20.72;1032.53;non
3389;26.46;22.86;29.21;1008.75;non
3390;-3.99;89.62;75.15;984.73;oui
3391;37.91;26.65;51.49;1038.33;non
3392;13.56;33.02;16.17;1033.38;non
3393;20.39;81.29;59.19;1019.71;oui
3394;24.27;62.72;18.96;1024.63;non
3395;4.74;84.16;55.74;1036.24;non
3396;22.46;39.54;72.29;985.97;oui
3397;29.55;48.39;76.33;1031.04;non
3398;-9.62;43.73;22.5;1033.4;non
3399;-6.48;57.7;43.87;985.57;oui
3400;5.85;62.88;52.9;1022.21;non
3401;30.65;74.28;71.13;1006.96;oui
3402;33.29;55.07;30.49;1035.97;non
3403;36.41;83.76;48.74;986.95;oui
3404;38.44;45.55;7.46;1022.45;non
3405;4.27;43.81;37.51;981.31;oui
3406;5.85;88.3;64.21;1019.68;oui
3407;15.82;55.59;27.11;1030.89;non
3408;31.64;28.42;11.28;1038.64;non
3409;15.49;61.85;17.22;1023.12;non
3410;18.67;65.66;73.14;1011.57;non
3411;18.64;27.31;16.3;981.87;oui
3412;-5.77;57.55;74.64;1023.19;non
3413;1.21;73.89;71.58;981.98;oui
3414;18.09;63.69;76.63;1024.86;oui
3415;7.7;64.35;49.23;999.3;oui
3416;1.83;31.47;29.92;1024.36;non
3417;12.89;71.43;8.24;1034.27;oui
3418;29.02;83.56;20.52;1011.75;oui
3419;-5.52;74.64;76.98;998.03;oui
3420;36.68;79.77;18.51;1000.04;non
3421;31.57;87.97;50.62;1001.15;oui
3422;27.65;78.12;73.01;1023.83;oui
3423;27.3;70.45;34.16;1034.13;oui
3424;9.92;26.68;23.26;1012.62;non
3425;1.06;62.19;13.59;1028.02;non
3426;18.69;31.79;25.97;1004.61;oui
3427;28.51;37.84;49.29;994.61;oui
3428;37.61;65.06;55.91;1028.09;non
3429;24.99;96.68;47.72;1018.18;oui
3430;23.49;78.63;18.73;1002.28;oui
3431;15.29;56.46;79.77;1016.67;oui
3432;6.7;86.52;49.21;1021.82;oui
3433;17.43;70.72;47.13;1034.91;oui
3434;38.55;73.39;77.75;1029.95;non
3435;11.37;39.07;0.34;991.28;oui
3436;25.99;54.04;25.01;1025.7;non
3437;38.76;71.36;36.92;998.32;oui
3438;0.65;52.74;79.34;980.05;oui
3439;-0.58;77.37;28.2;1007.44;non
3440;10.25;28.26;42.64;985.88;oui
3441;18.33;77.92;33.48;1002.89;oui
3442;16.19;61.16;37.45;1024.43;oui
3443;27.54;31.51;49.76;984.82;oui
3444;9.09;30.6;68.96;1016.84;non
3445;-8.46;62.98;73.86;1015.78;non
3446;-3.18;65.46;63.85;1011.53;non
3447;19.14;68.94;58.3;1025.67;oui
3448;23.17;37.26;32.34;1026.57;oui
3449;-6.05;62.84;25;993.52;oui
3450;20.3;20.78;62.42;1029.19;oui
3451;-0.97;67.56;34.13;1000.09;oui
3452;29.12;21.84;77.55;1028.59;non
3453;28.02;51.12;60.13;1003.21;oui
3454;-1.14;43.39;44.11;999.15;non
3455;14.62;88.51;41.86;1001.75;oui
3456;10.43;61.26;59.69;987.26;oui
3457;8.98;48.83;31.34;1027.61;non
3458;15.09;69.91;18.57;1023.12;non
3459;12.34;84.78;19.48;1032.99;oui
3460;20.46;90;65.41;1016.09;oui
3461;11.67;63.79;4.97;985.39;oui
3462;-7.02;33.55;63.67;980.07;oui
3463;19.2;67.64;62.17;1010.36;non
3464;26.27;59.89;48.68;1033.87;non
3465;9.26;20.28;49.07;981.79;oui
3466;30.21;63.99;21.57;1027.17;non
3467;26.65;68.82;13.6;1034.31;non
3468;39.48;20.58;21.08;991.99;oui
3469;26.62;75.47;63.39;995.4;oui
3470;22.96;55.18;55.79;1018.04;non
3471;29.05;77.65;52.47;989.31;oui
3472;9.66;42.39;18.22;1028.32;non
3473;18.27;38.08;73.45;991.47;oui
3474;38.33;78.17;79.43;1019.06;non
3475;0.19;45.97;0.57;1020.9;non
3476;30.76;48.73;38.4;1037.94;non
3477;26.06;80.41;17.68;1010.06;non
3478;28.6;69.8;38.08;1026.76;non
3479;27.68;89.23;70.29;1027.02;oui
3480;39.09;50.37;51.09;989.66;oui
3481;25.2;80.27;5.26;1025.81;oui
3482;23.59;43.35;39.18;986.63;oui
3483;2.19;47.93;13.01;993.8;non
3484;36;62.43;31.74;1012.1;non
3485;36.09;34.3;23.64;1038.55;non
3486;-8.87;31.81;2.11;1039.4;non
3487;36.18;99.67;47.99;981.99;oui
3488;14.08;52.49;48.49;1006.33;oui
3489;16.74;75.5;71.72;988.81;oui
3490;-4.63;31.17;41.01;999.27;non
3491;39.12;32.54;43.26;985.93;oui
3492;16.38;95.73;31.3;983.89;oui
3493;-2.71;38.4;49.45;984.05;oui
3494;20.47;53.75;1.53;1039.13;non
3495;28.93;46.05;38;1003.31;non
3496;-8.91;48.8;71.16;1021.42;non
3497;19.56;91.38;56;988.92;oui
3498;5.08;56.33;42.09;1031.03;oui
3499;36.48;20.64;73.75;983.26;oui
3500;15.75;58.39;48.38;1008.77;oui
3501;2.03;41.92;73.66;984.6;oui
3502;24.09;60.44;55.54;990.37;oui
3503;-3;52.06;6.02;1012.71;non
3504;37.06;79.15;43.29;1035.96;non
3505;18.06;67.69;32.8;1030.31;non
3506;17.74;77.78;72.32;1033.04;oui
3507;22.16;51.54;37.45;1034.38;oui
3508;34.77;31.07;68.01;1036.9;non
3509;15.93;82.33;44.97;1039.61;oui
3510;25.7;83.41;39.53;1031.42;oui
3511;10.58;28.63;31.47;1024.04;oui
3512;2.58;48.42;12.32;1021.44;non
3513;22.05;69.37;44.28;985.31;oui
3514;20.1;72.92;71.9;1027.04;oui
3515;36.36;99.19;46.5;986.53;oui
3516;29.38;22.22;4.55;984.03;oui
3517;15.06;49.51;8.45;1023.93;non
3518;3.27;72.19;44.72;1001.74;oui
3519;3.56;83.59;18.35;989.53;oui
3520;25.39;34.61;9.3;1030.3;non
3521;6.36;72.66;9.93;1010.42;non
3522;9.58;25.99;38.01;1005.3;non
3523;-7.73;48.93;60.52;1002.13;oui
3524;8.47;53.86;45.11;1037.04;non
3525;-8.35;68.64;75.93;1039.38;non
3526;13.4;71.6;44.45;1018.05;oui
3527;27.32;59.75;36.95;1018.38;non
3528;12.89;21.3;13.93;1009.31;non
3529;3.94;61.81;27.6;986.29;oui
3530;32.73;26.28;57.58;1000.85;oui
3531;5.12;39.1;45.43;1030.11;non
3532;25.47;24.91;73.51;984.86;oui
3533;14.54;55.85;77.86;1039.42;non
3534;-3.64;60.49;42.33;1010.87;non
3535;-9.06;76.9;56.99;986.93;oui
3536;18.42;74.6;6.83;1017.59;non
3537;15.35;81.87;56.45;987.13;oui
3538;38.46;32.54;68.23;1022.15;non
3539;4.1;43.03;72.48;1001.59;non
3540;20.03;29.99;63.73;1018.5;oui
3541;29.24;28.97;30.49;1026.47;non
3542;38.62;78.86;1.24;1032.8;non
3543;-2.97;78.76;69.2;1012.18;non
3544;7.57;47.43;26.13;994.57;oui
3545;35.02;44.57;14.94;1030.31;non
3546;36.54;33.24;11.54;1012.49;non
3547;14.01;67.92;14.43;1008.78;non
3548;11.64;74.36;36.1;1000.02;oui
3549;10.55;21.85;53.48;1030.71;non
3550;-7.7;98.94;21.1;987.6;oui
3551;26.93;43.51;45.98;1004.93;non
3552;6.51;77.99;48.96;987.19;oui
3553;22.04;85.07;27.96;1015.72;oui
3554;5.57;21.62;61.46;1004.06;oui
3555;25.42;86.3;22.85;991.11;oui
3556;25.87;86.72;1.05;1001.27;oui
3557;-6.1;65.39;34.33;981.06;oui
3558;4.24;28.95;50.52;994.54;oui
3559;34.91;57.37;31.37;1023.43;non
3560;-8.75;55.86;48.86;999.11;oui
3561;38.57;95.47;21.28;993.58;oui
3562;12.93;36.66;56.56;997.07;oui
3563;33.96;33;5.15;996.15;non
3564;-3.85;57.73;50.19;1030.92;non
3565;30.87;38.79;54.14;1005.84;non
3566;25.71;37.42;14.13;1001.5;non
3567;1.7;34.69;0.8;1008.3;non
3568;1.69;24.29;34.34;1027.29;non
3569;33.04;20.77;77.31;1000.48;oui
3570;2.63;57.72;28.31;1001.35;oui
3571;27.32;99.37;49.08;1007.8;oui
3572;39.83;64.12;56.04;1004.4;oui
3573;37.13;33.31;23.39;989.12;oui
3574;-6.9;26.53;23.88;1010.85;non
3575;-7.76;96.6;76.23;996.76;oui
3576;18.93;39;20.97;1009.47;non
3577;4.56;84.6;38.52;1019.29;non
3578;16.68;45.44;42.11;1026.85;oui
3579;7.71;75.54;75.3;1017.54;non
3580;23.99;28.39;69.77;1011;non
3581;-7.15;50.46;72.26;981.26;oui
3582;36.56;51.59;34.25;1014.71;non
3583;-1.57;21.48;48.78;1035.25;non
3584;0.55;49.62;64.7;996.16;oui
3585;-7.25;95.28;44.86;1019.53;oui
3586;29.1;33.33;3.91;1003.73;oui
3587;27.75;61.37;45.77;987.79;oui
3588;29.35;72.52;37.3;1037.87;oui
3589;22.22;49.74;49.44;1014.53;non
3590;5.33;52.56;45.91;1005.69;non
3591;28.05;62.52;5.41;1002.1;oui
3592;27.76;45.86;75.05;984.6;oui
3593;2.29;20.73;34.7;1001.54;oui
3594;29.84;87.39;32.1;1005.79;oui
3595;-7.62;71.3;5.16;1024.03;non
3596;-0.07;63.16;14.64;1006.32;non
3597;13.1;31.9;57.91;991.21;oui
3598;13.97;56.3;68.11;1022.52;non
3599;4.81;89.67;1.47;1012.72;oui
3600;21.09;80.84;58.06;1021.52;oui
3601;22.28;52.19;37.75;1023;oui
3602;3.61;47.37;74.46;1014.71;non
3603;23.18;99.26;65.88;1024.74;oui
3604;33.81;62.06;71.14;999.79;non
3605;13.8;41.59;57.22;1037.43;non
3606;34.35;56.24;61.73;1030.58;non
3607;15.39;70.07;56.04;995.19;oui
3608;37.52;57.22;56.09;1024.22;non
3609;17.36;90.53;35.91;983.67;oui
3610;23.7;87.94;11.08;981.85;oui
3611;-2.61;84.77;65.86;1022.52;non
3612;23.37;91.13;34.04;1004.81;oui
3613;-5.89;91.36;69.53;1039.87;oui
3614;27.56;36.21;53.4;1018.98;non
3615;31.54;95.08;69.51;1032.12;oui
3616;32.3;68.6;30.44;983.39;oui
3617;6.41;57.42;54.54;1034.71;oui
3618;12.53;51.02;19.18;1002.35;non
3619;38.56;65.91;10.22;1001.17;non
3620;16.64;22.84;76.07;996.52;non
3621;-6.18;66.42;11.02;982.5;oui
3622;21.14;28.95;25.07;1005.07;non
3623;15.3;26.82;3.72;1011.19;non
3624;-5.23;53.91;73.21;1023.45;non
3625;33.6;97.81;61.06;1016.5;oui
3626;-0.92;74.93;79.6;1008.04;oui
3627;14.75;54.55;32.82;1010.28;non
3628;27.44;89.94;70.63;993.66;oui
3629;7.08;44.74;58.14;998.28;non
3630;8.68;77.72;26.16;1017.77;oui
3631;26.69;91.77;34.61;989.99;oui
3632;11.61;77.11;1.05;998.95;oui
3633;23.54;78.54;64.94;1026.99;oui
3634;11.98;98.69;45.53;992.17;oui
3635;24.68;93.98;14.3;984.94;oui
3636;35.76;42.11;30.18;1019.61;non
3637;33.86;28.61;3.04;992.51;oui
3638;-4.35;25.26;60.45;989.86;oui
3639;8.4;73.65;18.03;994.42;oui
3640;18.03;81.5;60.63;1020.24;oui
3641;34.53;69.81;79.22;1029.16;non
3642;6.03;65.75;57.72;1013.02;oui
3643;4.13;34.71;4.31;1014.4;non
3644;6.31;69.09;4.17;985.96;oui
3645;8.4;73.71;66.54;1031.16;non
3646;14.31;78.71;61.92;1027.08;non
3647;-0.37;67.2;59.29;999.15;non
3648;25.84;43.98;13.31;988.86;oui
3649;19.63;48.67;1.65;985.81;oui
3650;22.99;27.88;44.85;987.19;oui
3651;-1.39;25.38;53.71;1007.8;non
3652;-5.06;31.58;24.52;1025.95;non
3653;10.42;44.13;6.42;1036.37;non
3654;29.39;72.67;41.14;985.38;oui
3655;-2.23;53.15;50.33;1026.93;non
3656;23.58;31.92;27.69;982.57;oui
3657;37.63;41.13;7.02;1008.53;non
3658;17.6;23.74;77.94;1029.72;non
3659;36.09;56.06;29.75;1007.66;non
3660;22.97;24.74;76.61;988.87;oui
3661;21.81;35;13.66;1032.22;non
3662;22.73;60.33;58.19;1008.75;non
3663;8.17;88.73;37.44;992.81;oui
3664;29.83;24.45;79.92;1021.7;non
3665;1.86;75.4;62.38;994.34;oui
3666;5.36;67.84;13.75;986.25;oui
3667;28.95;60.07;29.11;1005.92;non
3668;38;81.45;16.65;1003.05;oui
3669;20.65;57.45;64.81;1026.06;non
3670;32.72;80.09;62.29;1037.38;non
3671;3.38;91.12;61.78;1035.59;oui
3672;21.39;31.57;40.31;989.34;oui
3673;-9.39;70.42;28.72;986.31;oui
3674;-1.55;95.34;25.6;1000.04;oui
3675;22.39;76.81;50.88;1036.77;non
3676;39.45;86.48;47.12;1019.74;oui
3677;-7.08;37.44;76.92;1012.06;non
3678;28.1;61.96;1.05;1024.17;non
3679;-1.74;96.53;17.91;1007.46;non
3680;20.16;50.04;28.25;1029.62;non
3681;29.9;65.72;78.89;1015.37;non
3682;-7.47;90.65;67.3;1000.75;oui
3683;14.48;97.37;76;1039.03;oui
3684;35.48;37.38;66.48;1022.53;non
3685;18.56;26.81;47.79;1021.19;non
3686;9.71;67.88;29.93;1002.5;non
3687;37.04;80.04;0.1;1025.94;non
3688;-9.51;49.57;48.54;1007.17;non
3689;11.27;32.31;78.11;994.52;oui
3690;-2.84;46.32;35.36;991.53;oui
3691;-2.14;64.72;53.1;983.75;oui
3692;-0.74;38.03;52.91;1008.13;non
3693;-3.59;84.46;49.36;988.12;oui
3694;30.52;65.47;8.69;1002.37;non
3695;15.87;87.47;34.9;1006;oui
3696;18.81;65.3;20.95;1016.46;non
3697;9.84;99.26;70.55;1024.98;oui
3698;13.1;34.79;24.46;1026.44;non
3699;34.11;31.83;40.67;1018.82;non
3700;34.46;99.17;9.27;987.8;oui
3701;24.06;49.81;58.67;1004.33;oui
3702;28.49;63.86;43.16;985.29;oui
3703;17.29;56.96;72.06;1034.39;oui
3704;8.76;77.38;31.62;993.96;oui
3705;-6.45;46.54;36.86;1037.33;non
3706;35.12;38.31;15.28;1011.14;non
3707;-7.78;37.69;36.45;999.86;oui
3708;15.56;32.83;71.56;997.57;oui
3709;29;97.05;39.88;1016.95;oui
3710;23.91;57.07;35.01;1031.33;non
3711;34.1;88.17;40.51;1009.41;oui
3712;39.71;28.89;47.22;1020.9;non
3713;29.01;71.51;9.34;1002.42;non
3714;34.06;79.97;60.6;1019.14;oui
3715;-2.5;46.38;10.95;1023.49;non
3716;25.11;75.38;36.74;988.11;oui
3717;6;76.03;9.1;1029.74;oui
3718;-0.68;77.53;53.48;1024.89;non
3719;-2.12;38.92;29.27;1027.62;non
3720;36.27;24.69;0.92;1021.95;non
3721;6.7;63.74;8.19;1018.56;non
3722;21.64;86.72;13.69;1035.85;oui
3723;36.15;36.62;48.37;1004.23;oui
3724;20.3;59.56;73.04;1002.63;non
3725;20.41;69.92;35.13;1009.2;oui
3726;26.63;28.85;16.97;1038.53;non
3727;35.75;44.31;59.35;1022.84;non
3728;17.54;70.19;38.49;1029.63;oui
3729;32.53;84.27;39.05;1002.89;oui
3730;14.51;39.71;40.59;988.51;oui
3731;6.8;40.85;76.52;1026.61;oui
3732;21.19;87.13;60.73;1015.93;oui
3733;-0.42;95.47;32.12;1011.7;oui
3734;17.01;68.9;79.82;1038.51;oui
3735;7.42;99.3;36.44;1031.11;oui
3736;15.29;97.28;75.76;1021.02;oui
3737;-1.18;77.73;49.44;985.49;oui
3738;-4.58;77.95;11.34;1008.06;non
3739;17.53;76.52;54.78;1010.93;oui
3740;9.89;88.95;26.47;995.56;oui
3741;7.99;87.76;26.23;1022.12;oui
3742;9.28;47.46;65.33;1038.02;non
3743;31.24;75.98;77.39;1028.67;non
3744;25.66;62.84;1.31;995.08;oui
3745;36.3;83.91;78.54;1028.39;non
3746;4.39;22.45;7.53;993.13;oui
3747;32.38;88.96;49.3;1035.69;oui
3748;34.45;56.33;22.18;1034.98;non
3749;15.17;46.31;53.03;1039.7;non
3750;34.99;20.31;29.14;990.12;oui
3751;-7.47;64.28;23.59;988.02;oui
3752;0.87;37.89;22.01;1015.21;non
3753;-9.12;39.35;34.48;999.92;oui
3754;29.39;70.07;27.04;1022.04;oui
3755;19.74;82.76;59.93;1014.3;oui
3756;27.29;36.54;62.36;1028.27;non
3757;13.65;35.4;7.98;1024.6;non
3758;22.54;31.53;74.79;1039.35;non
3759;19.74;82.18;58.91;1038.07;non
3760;19.04;75.35;71.21;1032.45;oui
3761;15.6;86.46;34.18;1005.34;oui
3762;30.91;98.87;20.51;983.37;oui
3763;21.01;96.78;20.18;984.26;oui
3764;-5.73;40.94;10.08;993.45;non
3765;37.7;42.29;35.51;1033.92;non
3766;20.9;76.45;66.31;1032.66;oui
3767;34.5;62.83;22.18;1032.8;non
3768;35.31;23.21;31.8;1036.87;non
3769;37.08;96.31;70.57;1013.82;oui
3770;33.48;82.07;50.41;1038.94;oui
3771;38.77;24.59;11.12;1007.09;non
3772;29.14;32.85;78.09;998.9;non
3773;3.74;66.35;4.69;988.98;oui
3774;-0.67;38.84;63.44;985.6;oui
3775;-8.85;47.74;55.92;985.41;oui
3776;35.47;28.4;79.26;997.85;non
3777;-9.75;52.68;50.38;999.93;oui
3778;25.83;48.01;58.74;1036.43;non
3779;5.31;57.07;39.84;1012.53;non
3780;23.36;71.61;46.23;986.83;oui
3781;7.81;59.28;73.75;1008.83;non
3782;11.94;85.65;62.4;1010.8;oui
3783;13.25;65.1;79.99;1018.65;non
3784;14.57;48.36;65.04;1009.7;oui
3785;12.86;25.44;54.61;982.8;oui
3786;7.69;79.16;39.54;981.72;oui
3787;10.57;93.75;39.96;1022.54;oui
3788;28.05;77.68;72.33;982.03;oui
3789;23.96;27.61;32.85;1036.53;non
3790;39.27;24.55;57.43;1014.86;non
3791;38.54;30.37;71.68;1021.47;non
3792;35.08;54.34;65.14;1003.33;oui
3793;21.83;31.28;51.97;991.48;oui
3794;-1.49;21.76;16.95;1012.18;non
3795;15.07;39.81;54.81;1022.26;non
3796;34.06;71.52;57.04;996.64;oui
3797;33.27;85.79;9.86;1002.45;oui
3798;22.61;88.83;11.22;1005.8;oui
3799;9.48;21.21;71.86;1011.62;oui
3800;-7;38.2;20.75;1003.2;oui
3801;9.33;36.37;5.2;984.77;oui
3802;12.24;78.09;54.58;988.12;oui
3803;27.77;77.7;30.24;984.65;oui
3804;4.41;20.74;18.41;1005.17;non
3805;-4.79;91.71;46.84;1036.07;oui
3806;23.86;36.38;49.47;987.78;oui
3807;36.58;64.39;74.16;1000.03;non
3808;10.03;76.48;45.26;1035.52;non
3809;25.41;46.43;14.42;1010.62;non
3810;-3.15;36.15;32.65;1004.53;non
3811;-2.57;20.35;77.62;1036.61;non
3812;39.75;73.89;5.51;987.06;oui
3813;21.5;87.45;71.86;1006.88;oui
3814;-0.59;25.33;15.1;1004.63;non
3815;-1.66;55.67;27.21;1008.06;non
3816;22.22;94.98;8.63;985.96;oui
3817;15.32;81.31;17.23;1029.73;oui
3818;21.77;28.47;71.62;1027.55;oui
3819;-8.16;83.92;11.04;993.34;oui
3820;3.25;72.91;48.65;986.49;oui
3821;36.2;32.89;47.76;1000.51;non
3822;4.35;48.33;2.31;1038.89;non
3823;15.04;50.7;43.15;1002.81;oui
3824;13.2;42.08;14.4;1013.4;non
3825;-2.36;22.62;19.74;1038.78;non
3826;19.79;94.34;35.62;1039;oui
3827;2.02;71.04;30.25;1017.58;non
3828;20.9;42.06;4.08;1034.73;non
3829;38.54;77.32;54.62;1013.54;non
3830;-0.54;43.16;71.21;990.38;oui
3831;16.14;77.25;8.82;996.14;oui
3832;3.31;43.72;15.81;987.74;non
3833;22.12;56.43;44.3;987.34;oui
3834;29.2;21.73;30.68;984.13;oui
3835;26.86;92.16;18.91;1007.38;non
3836;8.56;61.78;4.27;1022.89;non
3837;31.45;41.74;72.27;1039.92;non
3838;28.89;84.99;45.9;991.41;oui
3839;25.64;98.83;43.3;996.28;oui
3840;38.97;34.18;26.08;1012.51;non
3841;-8.89;46.96;69.23;982.61;oui
3842;28.11;96.25;78.84;1005.32;oui
3843;-8.23;79.67;51.42;994.97;oui
3844;-3.52;89.73;28.63;1017.56;oui
3845;0.31;99.36;60.25;1037.72;oui
3846;-1.77;60.25;39.57;990.5;oui
3847;8.09;34.91;26.56;1013.82;non
3848;14.09;62.05;11.12;1034.88;non
3849;24.17;21.41;42.97;1017.75;oui
3850;39.8;88.61;5.11;1037.2;oui
3851;30.04;52.58;25.57;1007.79;non
3852;7.85;88.61;3.04;989.05;oui
3853;10.15;99.76;13.87;988.73;oui
3854;34.1;22.58;60.14;1019.33;non
3855;14.73;99.31;3.51;994.06;oui
3856;12.49;93.71;44.8;982.71;oui
3857;10.82;97.24;47.94;1018.14;oui
3858;28.5;70.8;18.98;1032.44;non
3859;27.09;99.72;64.2;1029.75;oui
3860;-2.44;59.82;46.45;999.76;oui
3861;28.12;77.67;79.77;995.56;oui
3862;17.57;45.04;12.85;1033.75;non
3863;31.25;63.63;17.6;1000.25;non
3864;38.65;20.45;78.85;1038.83;non
3865;13.83;97.1;31.65;981.58;oui
3866;37.26;21.1;43.68;984.54;oui
3867;-5.6;88.76;47.29;1034.13;oui
3868;38.55;60.79;51.1;1014.58;non
3869;32.3;71.56;64.1;1027.18;non
3870;22.51;35.97;46.67;1020.65;oui
3871;-8.47;27.3;6.16;1003.9;oui
3872;32.2;78.96;71.75;999.37;oui
3873;-7.09;88.17;58.43;1021.92;oui
3874;9;96.65;5.1;1026.42;oui
3875;-8.05;79.41;26.47;1023.33;oui
3876;16.74;82.19;46.48;997.2;oui
3877;19.46;21.02;72.13;1012.74;oui
3878;34.14;55.6;40.61;1004.95;non
3879;34.76;83.05;10.12;1016.62;oui
3880;19.78;82.87;61.52;1001.02;oui
3881;26.2;60;45.65;1022.77;non
3882;3.58;31.74;23.34;1010.45;non
3883;18.42;24.28;40.78;1002.08;oui
3884;11.13;42.74;72.33;991.09;oui
3885;36.23;63.09;70.11;987.49;oui
3886;12.85;20.65;35.46;1002.14;oui
3887;36.92;26.86;26.2;1006.64;non
3888;28.74;55.47;2.17;1022.61;non
3889;15.7;66.49;13.03;993.24;oui
3890;11.54;94.25;41.74;991.53;oui
3891;9.2;69.86;35.2;1003.55;oui
3892;2.09;26.31;1.95;995.08;non
3893;6.82;81.83;57.3;1016.66;oui
3894;4.1;90.8;31.94;1004.05;oui
3895;-5.1;98.04;11.08;1000.45;oui
3896;-6.27;32.18;3.59;997.54;oui
3897;6.97;29.9;51.66;1039.8;non
3898;3.98;97.75;14.3;1010.67;non
3899;36.62;98.52;65.18;998.89;oui
3900;2.12;91.26;73.16;1005.13;oui
3901;-1.72;54.79;50.52;1003.12;non
3902;-9.95;84.34;71.15;1038.17;oui
3903;17.44;41.54;79.94;1015.39;non
3904;24.12;87.62;0.77;993.21;oui
3905;34.76;74.83;33.08;1001.69;oui
3906;27.06;68.56;23.32;1035.51;non
3907;29.52;37.14;27.52;1032.47;non
3908;15.62;58.54;60.1;996.91;non
3909;36.31;65.74;8.38;991.58;oui
3910;-0.22;68.84;33.61;1033.14;non
3911;19.85;20.86;70.38;1006.68;oui
3912;14.78;75.54;5.54;1024.71;non
3913;7.57;29.49;11.75;991.15;oui
3914;34.6;49.46;57.95;984.96;oui
3915;14.09;98.24;67.7;1007.29;oui
3916;-0.35;64.99;5.97;1000.89;non
3917;25.95;59.21;60.09;1010.92;non
3918;26.77;86.66;72.28;1014.32;oui
3919;27.6;32.46;13.14;984.25;oui
3920;13.68;99.83;34.48;1023.57;oui
3921;0.22;24.68;43.68;1022.02;non
3922;7.93;91.71;30.55;1021.36;oui
3923;-7.35;26.27;1.66;1002.25;non
3924;-1.36;68.47;23.11;1027.82;non
3925;28.77;61.99;22.77;1028.57;non
3926;4.49;34.72;53.94;1021.17;non
3927;10.78;28.01;72.89;1010.46;non
3928;19.44;35.42;10.6;1004.33;non
3929;2.21;91.4;42.46;1009.01;oui
3930;37.58;28.98;66.68;1015.04;non
3931;4.86;58.59;55.29;994.56;oui
3932;24.23;55.9;69.04;1032.17;non
3933;38.65;26.05;0.27;1002.84;non
3934;21.46;58.12;9.99;990.23;oui
3935;33.4;73.91;53.14;1015.86;non
3936;11.41;75.67;42.98;981.11;oui
3937;32.24;40.84;49.32;1035.39;non
3938;15.15;56.5;32.82;1030.14;non
3939;-6.82;25.27;3.42;1004.55;non
3940;0.19;71.72;54.97;995.31;oui
3941;24.24;57.33;26.94;1017.15;oui
3942;11.34;51.34;37.14;984.57;oui
3943;6.43;29.71;37.3;980.2;oui
3944;-4.71;21.94;65.96;1034.97;non
3945;16.96;42.24;39.49;1006.2;non
3946;25.02;30.12;4.25;1026.06;non
3947;14.93;57.42;39.79;1006.22;non
3948;14.98;62.28;55.35;1022.67;non
3949;10.68;49.9;42.92;1007.2;oui
3950;24.82;91.89;56.73;1038.26;oui
3951;38.18;32.65;4.2;1014.75;non
3952;10.88;36.96;41.72;1018.93;non
3953;25.74;98.01;71.76;997.5;oui
3954;8.58;51.56;8.03;1025.72;non
3955;33.99;94.16;1.95;1039.31;oui
3956;16.02;51.16;41.48;999.48;oui
3957;-5.35;69.69;22.03;981.06;oui
3958;18.92;54.13;5.78;1033.6;non
3959;-4.21;60.87;39.78;983.62;oui
3960;30.42;79.92;16.24;1031.74;non
3961;37.33;25.74;38.9;1015.83;non
3962;28.57;70.15;1.45;1016.5;non
3963;-0.2;99.66;71.77;997.55;oui
3964;5.83;82.04;74.43;1001.53;oui
3965;14.92;51.73;75.07;1010.62;non
3966;23.62;40.9;25.98;1035.92;non
3967;31.33;41.69;43.5;1038.28;non
3968;-1.98;60.87;31.03;989.57;oui
3969;39.54;65.49;61.97;1031.54;non
3970;-7.79;32.61;5.68;980.59;oui
3971;9.62;39.28;5.17;1011.79;non
3972;29.8;20.64;67.4;1037.29;non
3973;26.68;94.68;16.73;1039.67;oui
3974;26.33;48.89;43.66;1019.24;non
3975;25.25;26.59;28.45;1006.04;non
3976;-1.37;31.11;29.31;1009.61;non
3977;37.32;81.22;58.47;990.37;oui
3978;16.49;98.6;59.81;1014.55;oui
3979;-2.25;21.22;55.22;985.9;oui
3980;27.23;41.64;50.29;1035.04;non
3981;0.86;28.53;10.44;983.73;non
3982;11.6;45.67;56.52;1032.21;oui
3983;16.53;28.2;56.78;1001.77;non
3984;32.12;47.06;17.46;1032.29;non
3985;6.95;48.38;46.37;1024.01;non
3986;19.67;96.23;20.97;1034.53;oui
3987;3.46;80.34;19.1;1024.26;oui
3988;2.36;77.27;64.97;1001.51;oui
3989;-5.4;66.03;78.25;1029.38;non
3990;16.83;42.36;13.05;1008.92;non
3991;16.1;96.22;48.31;1016.35;oui
3992;39.82;81.83;70.18;1004.86;oui
3993;16.1;35.53;55.16;1034.18;non
3994;-5.68;79.06;21.86;1017.43;oui
3995;6.1;85.21;44;1032.14;oui
3996;33.43;21.61;19.48;985.4;oui
3997;34.5;57.4;67.98;999.63;non
3998;34.78;54.07;63.18;994.2;oui
3999;18.73;80.75;7.16;1009.56;oui
4000;33.85;23.75;24.3;1006.6;non
4001;26.5;34.76;27.73;1019.8;non
4002;26.93;96.9;9.32;1022.57;non
4003;10.72;22.63;10.87;999.19;non
4004;34.98;79.35;77.77;1015.94;non
4005;6.38;45.59;26.12;1020.38;non
4006;9.27;31.93;1.77;993.13;oui
4007;29.27;29;57.94;1003.14;non
4008;30.64;66.37;18.86;1033.68;non
4009;0.09;80.16;56.75;997.36;oui
4010;32.9;45.1;15.66;1010.96;non
4011;-7.82;81.26;45.8;1005.53;oui
4012;38.29;38.34;11.49;1034.77;non
4013;11.9;65.86;59.65;1026.38;oui
4014;11.34;43.47;51.17;1004.94;oui
4015;11;32.24;37.55;1021.46;oui
4016;14.67;33.22;33.18;1027.18;non
4017;24.83;60.58;19.3;1027.77;non
4018;16.24;36.71;5.37;1010.18;non
4019;25.35;79.58;58.22;1004.57;oui
4020;18.85;53.72;47.78;1036.83;non
4021;35.29;24.28;24.67;997.29;oui
4022;-3.44;90.59;66.28;1019.12;oui
4023;36.65;86.46;39.95;1022.11;oui
4024;19.4;46.48;36.97;984.69;oui
4025;24.79;96.26;77.05;1013.34;oui
4026;-0.71;75.62;5.65;997.08;oui
4027;5.52;23.99;66.55;998.62;non
4028;-6.26;40.14;14.24;1026.46;non
4029;30.23;33.91;39.43;1021.28;non
4030;20.06;93.99;18.28;1009.62;oui
4031;-6.11;24.47;18.66;1017.98;non
4032;-0.49;56.7;49.09;994.91;oui
4033;20.68;95.66;53.98;1026.97;oui
4034;3.61;56.34;64.57;1007.38;non
4035;39.44;25.76;3.63;988.98;oui
4036;-3.45;89.65;1.85;998.95;oui
4037;36.58;73.56;72.96;1038.34;non
4038;1.72;35.5;17.83;1022.52;non
4039;-7.43;68.65;51.36;1019.92;non
4040;30.3;62.69;8.44;1027.83;non
4041;-7;51.31;39;988.79;oui
4042;4.21;82.64;53.68;1015.88;non
4043;1.04;23.79;19.26;1000.73;oui
4044;8.32;80.37;35.16;1027.09;oui
4045;1.99;88.99;49.75;1029.04;oui
4046;11.2;38.25;5.6;1012.13;non
4047;26.9;46.19;66.18;1026.14;non
4048;-9.28;29.45;70.18;1030.19;non
4049;4.26;83.43;75.02;1026.75;oui
4050;2.13;62.06;18.68;1028.48;non
4051;31.68;50.53;65.93;1000;non
4052;20.77;25.62;75.86;1014.42;non
4053;31.97;89.26;41.78;1035.64;oui
4054;-4.34;67.74;28.33;1007.85;non
4055;10.24;85.81;47.48;1039.84;oui
4056;3.68;41.15;26.87;1030.6;non
4057;1.51;92.39;51.19;993.61;oui
4058;33.13;91.5;20.49;1005.23;oui
4059;28.55;85.11;41.47;1034.69;oui
4060;-2.17;76.7;43.15;1031.28;non
4061;32.18;43.46;52.39;982.41;oui
4062;25.86;49.5;17.23;1012.26;non
4063;6.18;40.2;22.31;1036.95;non
4064;-9.82;82.53;55.94;987.71;oui
4065;20.4;60.06;30.58;1033.92;non
4066;4.29;29.79;60.73;1015.73;non
4067;0.92;72.09;61.24;1001.47;oui
4068;7.44;80.65;2.7;1013.07;oui
4069;39.06;42.54;35.31;983.78;oui
4070;18.43;50.81;9.02;1036.81;non
4071;4.15;48.02;21.66;1016.11;non
4072;32.83;56.83;66.12;1005.39;non
4073;39.17;44.31;25.9;1039.38;non
4074;28.03;94.87;40.94;980.15;oui
4075;-4.42;53.3;63.2;1006.32;non
4076;17.84;66.54;68.5;998.5;oui
4077;18.3;44.04;23.61;1001.67;oui
4078;1.54;93.63;45.99;1035.2;oui
4079;7.13;21.82;21.78;1031.72;non
4080;11.81;29.41;33.35;1030.33;non
4081;26.84;47.93;75.55;1022.56;non
4082;11.32;93.49;46.11;1022.38;oui
4083;1.18;77.88;48.63;1010.08;oui
4084;0.41;83.52;75.85;1033.47;non
4085;10.3;84.67;47.61;1012.87;oui
4086;16.8;61.2;3.36;984.17;oui
4087;35.66;52.67;37.48;1030.72;non
4088;20.48;43.72;66.71;989.95;oui
4089;-0.42;41.42;22.58;1020.23;non
4090;23.83;27.29;11.78;1010.53;non
4091;32.98;97.5;52.04;1020.55;oui
4092;21.14;31.77;43.5;1003.16;oui
4093;16.18;30.27;28.76;983.81;oui
4094;-4.07;40.68;71.3;1008.96;non
4095;9.21;29.27;16.02;983.12;oui
4096;30.33;66.88;48.51;992.04;oui
4097;32.26;27.03;68.63;1009.02;non
4098;5.9;47.11;60.13;1027.1;non
4099;38.64;26.76;5.48;1015.73;non
4100;38.04;52.4;2.02;1016.17;non
4101;11.65;59.08;5.16;1009.16;non
4102;25.63;71.65;14.82;992.37;oui
4103;-1.05;72.58;79.55;1019.13;oui
4104;10.5;45.01;72.89;1038.14;non
4105;4.51;81.61;10.6;1025.94;oui
4106;-3.75;98.15;78.84;1036.2;oui
4107;2.3;66.56;33.59;992.36;oui
4108;23.19;25.67;26.67;981.07;oui
4109;22.03;25.01;77.18;981.36;oui
4110;28.82;83.03;2.74;1034.38;oui
4111;18.07;58.57;3.59;1013.72;non
4112;28.64;52.31;54.69;986.08;oui
4113;-3.01;23.64;43.31;1027.64;non
4114;18.75;74.45;27.17;1001.72;oui
4115;25.61;32.93;1.04;1015.77;non
4116;20.47;82.63;53.82;1009.85;oui
4117;31.21;37.98;26.89;993.42;oui
4118;34.25;47.62;29.96;1031.62;non
4119;16.77;88.86;39.24;1020.89;oui
4120;-1.07;52.35;39.59;1037.94;non
4121;32.56;45.25;77.12;1021.36;non
4122;25.08;21.32;11.69;1029.78;non
4123;8.21;60.05;72.41;1017.89;non
4124;-3.98;43.5;78.27;1006.24;non
4125;14.93;90.73;48.31;1021.62;oui
4126;-8.55;94.48;75.93;1036.95;oui
4127;30.76;74.77;67.56;1016.03;non
4128;9.56;97.7;28.09;1032.07;oui
4129;6.71;48.08;4.13;987.15;oui
4130;31.89;25.07;23.9;980.61;oui
4131;21.02;71.6;29.95;992.5;oui
4132;30.56;31.09;38.95;994.92;oui
4133;26.72;63.05;17.29;998.6;oui
4134;32.43;90.4;36.8;1017.43;oui
4135;-6.11;52.09;47.52;997.23;oui
4136;-2.44;49.37;9.99;1004.29;non
4137;3.63;52.06;38.25;1012.62;non
4138;16.15;60.72;25.29;1029.81;non
4139;6.61;95.79;67.61;1038.96;oui
4140;8.91;42.47;53.07;1038.85;non
4141;34.08;46.33;32.56;1034.38;non
4142;39.07;81.98;35.88;1011.86;oui
4143;17.58;40.43;34.85;1010.98;non
4144;27.19;28.75;32.39;1028.28;non
4145;32.1;47.35;76.61;992.57;oui
4146;33.62;80.18;18.56;1039.08;non
4147;37.55;60.4;37.75;1006.95;non
4148;16.69;56.2;2.94;995.63;non
4149;33.37;67.91;61.09;1037.41;non
4150;39.13;44.94;14.9;1004.2;non
4151;34.77;64.8;23.37;1024.56;non
4152;-1.89;66.15;72.91;1030.56;non
4153;8.85;26.96;37.57;1025.12;non
4154;1.77;94.51;65.72;1018.3;oui
4155;-2.75;28.26;49.3;986.93;oui
4156;39.65;49.31;36.29;1022.7;non
4157;34.7;24.61;13.53;1025.28;non
4158;-3.34;60.17;62.47;993.13;oui
4159;-7.35;82.58;49.27;998.91;oui
4160;29.12;94.71;29.42;1021.16;oui
4161;16.26;91.23;0.25;996.93;oui
4162;-1.09;92.63;51.81;1008.67;oui
4163;12.54;64.69;0.22;1001.94;non
4164;24.48;58.32;24.14;1008.07;non
4165;36.25;24.32;69.23;1010.68;non
4166;5.13;97.34;22.55;1015.33;oui
4167;34.05;62.91;79.23;1022.08;non
4168;10.28;46.76;27.52;1025.63;non
4169;-8.1;90.2;23.74;1039.82;oui
4170;37.03;84.89;17.65;1011.96;non
4171;2.98;68.88;3.27;1038.17;non
4172;9.04;61.23;37.29;1032.93;non
4173;3.91;55.75;34.32;1037.56;non
4174;-5.52;90.45;71.73;1032.3;oui
4175;22.99;65.07;5.56;1015.75;non
4176;6.25;94.58;24.32;1036.39;oui
4177;5.73;70.27;60.93;1010.08;oui
4178;-7.99;93.78;15.7;1033.05;oui
4179;31.64;73.73;14.08;1035.08;non
4180;2.21;85.13;8.47;993.32;oui
4181;31.52;31.8;43.81;1022.67;non
4182;36.78;82.77;52.23;1006.02;non
4183;25.49;99.42;58.94;981;oui
4184;20.73;75.17;57.58;1013.49;non
4185;37.11;75.73;18.95;999.34;oui
4186;34.37;52.41;3.06;982.91;oui
4187;21.46;66.74;50.71;1023.04;non
4188;-4.75;48.76;12.39;984.52;oui
4189;30.77;80.21;65.36;1019.95;oui
4190;3.59;99.44;14.65;992.87;oui
4191;38.77;99.06;63.59;1017.74;oui
4192;38.53;75.65;75.58;998.99;oui
4193;32.74;31.99;75.67;1010.45;non
4194;6.84;77.28;38.63;1017.61;oui
4195;38.36;75.37;20.11;1034.58;non
4196;8.58;28.17;72;997.17;oui
4197;36.01;84.44;11.29;1026.16;oui
4198;-6.07;86.02;43.79;1020.15;oui
4199;24.89;22.73;61.02;982;oui
4200;-2.45;85.89;25.09;1007.25;oui
4201;28.63;58.49;63.12;984.41;oui
4202;17.58;95.77;5.98;982.59;oui
4203;22.06;51.92;66.04;984.32;oui
4204;5;70.14;54.81;987.45;oui
4205;7.05;77.05;41.94;993.37;oui
4206;30.91;51.69;47.09;995.47;oui
4207;5.45;87.53;17.39;980.89;oui
4208;-0.45;60.66;16.3;1025.79;non
4209;25.35;66.28;78.9;1039.99;non
4210;28;50.92;60.26;1037.4;non
4211;16.9;37.44;44.63;1007.99;non
4212;17.55;96.81;44.17;1030.77;oui
4213;11.91;57.63;22.3;1002.79;oui
4214;19.01;70.91;28.15;998.95;oui
4215;-3.36;40.24;3.37;984.36;non
4216;-9.02;39.63;52.4;983.67;oui
4217;35.66;83.3;24.44;1035.49;non
4218;-6.37;99.52;69.6;1007.96;oui
4219;23.56;35.56;16;1008.17;non
4220;-9.5;82.6;4.6;1008.69;non
4221;24.34;24.68;33.49;1015.03;non
4222;-3.25;73.09;41.73;989.71;oui
4223;35.63;21.25;51.41;984.42;oui
4224;-2.47;53.83;64.19;996.91;oui
4225;10.56;38.75;41.14;1027.85;oui
4226;32.33;47.08;63.48;992.73;oui
4227;37.42;21.1;35.23;1018.87;non
4228;-1.2;97.77;49.22;989.86;oui
4229;29.16;26.38;11.28;1014.49;non
4230;24.34;51.48;61.91;1038.46;non
4231;25.15;94.28;54.9;1020.87;oui
4232;16.76;65;56.01;1039.81;non
4233;-6.74;26.24;59.44;988.18;oui
4234;6.23;56.59;17.25;1031.97;non
4235;37.23;65.97;9.91;990.25;oui
4236;26.28;23.94;56.3;1004.73;non
4237;-2.3;87.19;5.11;997.39;oui
4238;-1.95;60.65;0.94;998.06;oui
4239;5.53;48.84;37.85;1013.7;oui
4240;-0.48;89.74;60.6;1023.36;oui
4241;-8.92;67.52;69.05;1015.07;non
4242;-5.47;75.97;57.74;990.35;oui
4243;10.41;66.62;56.48;1028.6;non
4244;-4.46;74.61;78.73;1034.34;oui
4245;5.11;80.06;68.09;1020.7;oui
4246;37.69;56.07;10.38;986.59;oui
4247;11.89;27.56;59.23;1027.96;non
4248;0.11;75.18;0.86;998.31;oui
4249;31.76;51.23;0.9;1001.14;non
4250;37.45;95.28;14.47;991.11;oui
4251;29.45;20.48;10.17;1012.28;non
4252;-5.38;48.79;21.94;1010.67;non
4253;-3.78;49.82;74.56;1032.61;non
4254;24.95;27.03;57;1038.37;non
4255;14.92;34.99;50.7;1015.43;non
4256;-8.7;63.9;47.59;992.45;oui
4257;3.81;76.94;48.5;1030.75;non
4258;35.6;79.5;31.6;985.72;oui
4259;37.84;44.83;26.39;991.38;oui
4260;3.78;46.42;33.15;1006.02;non
4261;15.19;85.16;65.54;1027.9;oui
4262;29.98;29.62;9.98;1036.87;non
4263;17.62;90;79.15;1016.64;oui
4264;27.72;38.57;13.37;1025.57;non
4265;-3.25;45.19;28.69;1037.91;non
4266;16.54;97.51;72.25;1010.72;oui
4267;10.22;38.43;18.61;1019.74;non
4268;22.95;74.89;1.79;983.24;oui
4269;-0.45;70.6;44.17;1015.15;non
4270;21.99;86.36;79.85;1030.31;oui
4271;-0.33;74.52;75.01;992.71;oui
4272;-2.55;78.94;32.52;983.76;oui
4273;17.88;46.49;27.52;997.42;oui
4274;6.85;63.84;61.88;1020.47;non
4275;16.44;87.21;5.46;984.7;oui
4276;21.96;36.91;59.62;1018.78;oui
4277;-1.55;80.11;6.69;1013.92;non
4278;9.42;87.57;0.35;1011.21;oui
4279;27.17;23.45;66.52;1030.29;non
4280;-2.37;70.43;1.15;1030.88;non
4281;16.56;78.45;7.55;1011.72;non
4282;38.63;88.57;58.66;1036.02;oui
4283;35.04;46.02;58.62;1024.19;non
4284;8.05;21.55;79.77;987.33;oui
4285;29.53;36.1;38.8;1016.45;non
4286;28.93;43.95;16.88;1013.5;non
4287;36.01;90.41;38.67;1001.56;oui
4288;3.38;63.56;64.4;998.65;non
4289;13.77;25.52;56.1;1011.1;non
4290;5.02;92.37;7.24;1032.19;oui
4291;34.03;78.3;8.33;1029.89;non
4292;-8.38;30.7;50.85;1019.76;non
4293;26.01;72.76;61.3;1014.51;non
4294;35.62;21.46;29.32;1023.73;non
4295;-8.76;25.28;51.89;1037.89;non
4296;15.34;45.47;20.54;981.26;oui
4297;12.46;35.84;6.99;1023.06;non
4298;36.84;69.44;4.22;1024.45;non
4299;23.49;82.35;58.07;1037.11;oui
4300;24.66;40.94;73.98;990.77;oui
4301;5.63;30.41;66.13;980.15;oui
4302;3.12;90.78;55.32;1019.97;oui
4303;-7.03;86.41;13.67;1002.34;oui
4304;14.11;35.89;11.25;987.39;oui
4305;-8.42;98.16;15.88;986.62;oui
4306;-6;68.2;68.05;982.87;oui
4307;9.72;32.76;14.09;1035.13;non
4308;33.34;63.54;3.12;1007.87;non
4309;26.31;59.1;68.8;987.22;oui
4310;32.32;76.66;65.43;1012.63;oui
4311;18.03;48.43;45.51;995.45;oui
4312;4.04;29.83;25.75;1031.12;non
4313;27.4;34.02;33.95;986.89;oui
4314;20.87;68.6;17.07;1008.47;non
4315;-1.29;21.54;52.16;983.21;oui
4316;20.48;57.63;34.4;1014.38;non
4317;36.5;70.05;14.72;1013.75;non
4318;-9.12;70.44;51.88;1015.02;non
4319;20.17;24.52;48.74;1013.24;non
4320;34.77;88.03;78.45;1038.57;oui
4321;37.82;89.38;58.21;984.52;oui
4322;31.88;59.17;65.17;998.78;non
4323;25.01;93.23;7.02;1031.69;oui
4324;5.78;48.42;3.72;980.94;oui
4325;-5.22;35.52;67.74;1014.26;non
4326;-0.63;86.29;69.44;1011.4;oui
4327;32.24;78.51;58.73;986.32;oui
4328;-6.66;20.69;12.66;1032.83;non
4329;38.51;67.78;18.98;1009.83;non
4330;39.2;87.78;2.1;1036.87;oui
4331;-5.88;73.65;51.75;993.13;oui
4332;-5.65;59.16;0.79;1038.12;non
4333;-2.06;47.33;12.84;1026;non
4334;32.02;95.38;54.13;992.78;oui
4335;13.86;68.37;53.49;1013.25;non
4336;34.55;26.51;37.3;1026.53;non
4337;25.27;85.58;52.87;980.78;oui
4338;7.11;38.7;77.01;1019.1;non
4339;36.48;79.25;22.77;1002.73;oui
4340;38.55;61.38;71.68;1000.79;oui
4341;-7.31;98.57;72.96;1001.79;oui
4342;27.61;92.1;24.58;1007.93;oui
4343;28.93;51.48;67.66;982.82;oui
4344;0.34;42.89;39.46;1006.98;non
4345;17.24;46.52;14.02;1026.11;non
4346;15.29;71.58;72.77;1022.45;non
4347;31.93;99.15;37.8;1038.18;oui
4348;12.98;46.51;52.6;993.79;oui
4349;-8.64;43.39;31.66;1013.12;non
4350;39.2;43.34;35.28;986.2;oui
4351;-7.58;64.76;60.09;991.74;oui
4352;-9.17;87.16;62.4;983.8;oui
4353;37.76;51.36;42.1;1001.31;oui
4354;38.91;99.8;61.98;1004.26;oui
4355;7.84;98.85;56.62;1006.94;oui
4356;16.02;98.71;41.84;990.95;oui
4357;7.74;93.46;79.72;1036.72;oui
4358;17.91;67.25;43.12;1022.42;non
4359;23.46;29.73;21.26;1030.16;oui
4360;16.95;22.53;74.16;1022.12;non
4361;19.92;54.38;37.23;1033.21;non
4362;-4.82;20.22;25.12;988.84;oui
4363;-9.44;38.18;26.62;981.89;oui
4364;18.44;27.76;47.6;1039.92;oui
4365;-9.87;83.63;28.29;983.82;oui
4366;6.09;61.86;52.89;1024.94;non
4367;6.09;44.67;29.02;1039.98;oui
4368;38.75;75.45;32.5;1003.38;oui
4369;10.84;86.27;37.2;997.74;oui
4370;32.72;53.63;53.42;983.53;oui
4371;-7.75;22.34;49.03;998.2;oui
4372;34.8;31.15;57.96;1010.87;non
4373;22.58;68.76;41.25;1035.59;non
4374;39.53;60.74;9.27;1008.23;non
4375;19.86;75.45;37.47;985.86;oui
4376;-5.93;74.57;63.23;1037.74;non
4377;16.62;65.4;73.8;1017.64;non
4378;11.82;72.38;56.02;1031.78;non
4379;37.58;24.73;78.7;1031.47;non
4380;26.75;25.82;3.32;986.11;non
4381;17.37;37.24;68.82;1006.74;non
4382;22.64;45.59;19.45;1000.55;oui
4383;19.31;40.28;65.43;983.29;oui
4384;11.96;78.5;74.2;1025;oui
4385;-2.45;84.51;36.86;984.52;oui
4386;4.59;23.91;72.22;1008.99;non
4387;25.82;90.87;0.02;1021.27;oui
4388;0.5;59.17;7.14;1024.8;non
4389;-4.59;85.32;61.73;1000.81;oui
4390;-10;94.54;44.03;1017.22;oui
4391;18.07;88.54;48.78;1034.47;oui
4392;-1.44;93.09;54.53;1021.95;oui
4393;-6.24;54.29;19.13;1017.83;non
4394;38.32;56.37;62.9;1035.02;non
4395;2.14;68.63;77.6;1039.25;non
4396;34.35;36.03;19.69;1037.17;non
4397;-0.44;53.64;47.17;1016.23;non
4398;36.03;93.21;31.37;1006.06;oui
4399;23.15;50.58;33.14;1000.88;non
4400;12.91;74.91;59.36;1026.73;oui
4401;28.23;20.52;38.16;1027.63;non
4402;13.7;71.57;72.56;1013.98;oui
4403;39.04;76.45;45.87;982.25;oui
4404;18.27;83.78;35.05;1037.6;oui
4405;27.23;53.52;38.88;1028.15;non
4406;-5.16;61.62;42.3;1027.83;non
4407;-7.23;67.34;54.5;1039.15;non
4408;25.62;61.74;12.92;1003.05;non
4409;26.26;70.83;57.13;1005.75;oui
4410;-2.81;33.01;13.03;1033.45;non
4411;30.08;38.69;37.47;1034.96;non
4412;0.51;42.73;73.64;1005.63;non
4413;13;50.28;17.86;1021.17;non
4414;3.74;83.12;68.36;1035.24;non
4415;5.2;88.83;15.88;980.21;oui
4416;6.32;53.16;35.71;1030.9;non
4417;34.61;69.36;42.18;999.54;non
4418;21.2;55.75;72.84;1009.5;non
4419;10.84;83.14;33.99;996.16;oui
4420;19.84;67.32;48.87;1023.13;non
4421;-8.31;84.85;10.31;1023.31;non
4422;8.77;25.04;41.78;1019.19;non
4423;8.58;94.42;35.39;1028.15;oui
4424;38.72;91.87;25.39;1037.75;oui
4425;31.86;21.21;76.34;1026.69;non
4426;-5.92;38.61;76.98;1010.04;non
4427;32;26.99;33.36;1002.54;non
4428;5.38;36.81;13.83;1018.42;non
4429;15.44;43.84;12.73;1029.81;non
4430;7.46;43.28;48.12;1026.52;non
4431;21.5;77.32;76.85;989.9;oui
4432;9.61;77.86;45.79;1009.2;oui
4433;9.79;30.09;39.11;1011.31;non
4434;36.78;38.2;32.74;989.3;oui
4435;5.38;59.14;17.97;983.23;oui
4436;22.05;47.26;3.8;1031.93;non
4437;36.54;58.29;27.23;1024.51;non
4438;8.54;52.59;34.65;1035.34;non
4439;2.38;34.8;18.43;995.81;non
4440;22.93;29.27;30.99;1017.5;non
4441;-6.74;26.55;10.08;1030.15;non
4442;-6.77;51.29;22.29;1014.68;non
4443;14.06;45.16;11.02;1024.54;non
4444;37.21;24.69;59.19;1023.59;non
4445;2.65;79.37;4.37;1017.87;non
4446;28.45;89.06;29.19;1011.54;oui
4447;10.85;48.86;14.65;1033.67;non
4448;21.79;91.21;72.96;1027.59;oui
4449;30.87;42.13;73.79;1022.55;non
4450;-5.75;66.62;65.69;1031.7;non
4451;36.96;23.47;49.16;1021.6;non
4452;-7.6;82.79;30.77;986.43;oui
4453;32.46;66.99;12.9;980.91;oui
4454;17.51;72.06;65.05;1006.05;non
4455;37;63.62;49.22;1036;non
4456;18.6;43.81;79.77;1020.85;non
4457;17.99;53.27;71.06;1008.95;oui
4458;32.01;85.95;57.78;1031.29;oui
4459;-4.27;87.4;39.85;987.64;oui
4460;-2.04;80.08;56.87;992.23;oui
4461;4.06;83.44;39.1;1023.89;non
4462;7.36;87.31;2.82;1038.48;oui
4463;11.62;70.24;9.82;1010.84;oui
4464;1.76;77.78;34.8;1019.15;non
4465;13.52;98.41;15.62;1018.19;oui
4466;18.25;69.21;40.18;981.02;oui
4467;31.35;33.93;33.06;1026.23;non
4468;37.56;91.95;12.67;1034.87;oui
4469;8.85;51.56;36.79;1019.37;non
4470;-8.85;31.3;35.21;996.92;oui
4471;-4.67;93.4;71.63;1034.53;oui
4472;-4.65;55.05;10.51;1039.26;non
4473;19.27;82.35;73.65;1025.33;oui
4474;13.3;68.43;7.53;1033.04;non
4475;-7.99;93.59;39.14;1032.12;oui
4476;30.79;24.91;19.77;1032.53;non
4477;12.9;55.2;14.01;1038.1;non
4478;-0.45;72.86;19.43;1036.33;non
4479;-9.71;60.39;39.04;989.8;oui
4480;10.58;91.23;0.74;1038.58;oui
4481;-2.41;23.74;43.05;994.09;oui
4482;2.26;72.01;44.28;984.68;oui
4483;29.56;26.5;71.18;1014.7;non
4484;-2.59;99.49;51.54;1014.05;oui
4485;-8.82;95.17;51.52;985.5;oui
4486;-7.46;68.75;49.12;1009.98;non
4487;16.59;61.3;1.55;996.95;non
4488;35.01;78.02;79.69;998.13;oui
4489;20.15;56.25;17.81;1024.3;non
4490;1.77;34.03;55.7;1038.62;non
4491;4.23;53.6;30.75;1031.13;non
4492;19.45;42;75.04;1019.2;oui
4493;19.01;85.7;65.05;1000.24;oui
4494;-8.9;81.5;77.24;1000.33;oui
4495;18.11;80.92;69.29;1016.18;oui
4496;5.61;38.29;34.45;1020.66;non
4497;24.02;51.53;63.65;982.21;oui
4498;22.49;95.27;57.07;1027.78;oui
4499;23.75;43.21;69.58;1024.85;non
4500;25.53;89.42;78.05;1037.14;oui
4501;11.08;28.76;19.8;1032.95;non
4502;21.03;73.28;62.55;990.97;oui
4503;12.42;49.19;78.63;1030.1;non
4504;33.96;47.81;62.87;993.42;oui
4505;12.82;28.6;21.86;1004.14;oui
4506;-6.35;72.76;57.28;1019.24;oui
4507;-1.09;66.97;75.29;1016.65;non
4508;26.82;46.66;56.04;1034.97;non
4509;33.51;37.49;36.47;1031.14;non
4510;34.6;95.23;35.77;1019.38;oui
4511;7.54;54.53;59.45;1010.09;oui
4512;27.26;21.64;50.42;1006.19;non
4513;30.92;63.81;70.85;1022.77;non
4514;27.73;23.07;2.17;985;oui
4515;1.77;98.74;43.38;1019.74;oui
4516;6.09;46.84;55.9;1008.42;non
4517;19.6;81.5;7.23;1026.61;oui
4518;23.45;46.2;32.75;993.87;oui
4519;14.85;99.69;39.18;993.19;oui
4520;-8.02;92.38;65.48;1023.55;oui
4521;18.99;99.74;22.24;1026.78;oui
4522;38.79;86.22;79.88;1015.3;oui
4523;15.18;76.89;61.95;980.03;oui
4524;1.76;89.99;12.23;1019.99;oui
4525;7.83;95.24;19.24;985.7;oui
4526;15.23;71.34;26.18;1021.42;non
4527;32.87;85.33;78.84;1036.19;oui
4528;9.96;79.68;10.73;998.84;oui
4529;12.74;64.16;16.89;981.6;oui
4530;-9;97.87;17.73;1019.83;oui
4531;-7.02;57.77;41.34;1031.28;non
4532;-6.03;36.73;24.95;986.98;oui
4533;39.22;61.17;59.35;1020.98;non
4534;0.79;80.31;70.51;990.29;oui
4535;38.51;82.46;22.61;1013.84;non
4536;14.5;48.41;22.35;1020.49;oui
4537;33.7;32.43;65.83;995.29;non
4538;35.07;56.36;15.77;989.59;oui
4539;28.13;99.78;62.99;1032.62;oui
4540;34.77;26.1;74.39;1003.78;oui
4541;-6.21;77.22;58.86;1039.81;oui
4542;9.13;64.58;29.32;991.76;oui
4543;1.1;63.91;72.49;1034.76;non
4544;-6.01;39.61;20.4;985.69;oui
4545;19.39;66.25;43.47;1000.32;oui
4546;31.32;47.7;6.84;997.78;non
4547;13.37;32.47;37.03;993.26;oui
4548;-8.62;64.38;13.56;980.06;oui
4549;23.58;27.92;53.13;1016.7;non
4550;10.96;90.97;19.61;1003.9;oui
4551;28.56;93.32;67.98;1027.86;oui
4552;24.86;80.08;78.62;980.42;oui
4553;26.95;93.43;70.71;1030.52;oui
4554;16.87;20.55;0.88;1012.68;non
4555;12.56;52.03;73.42;1001.55;oui
4556;35.14;59.96;35.76;1025.66;non
4557;6.43;28.2;21.19;987.86;oui
4558;3.09;71.02;76.36;1021.14;oui
4559;29.21;78.23;33.12;999.49;oui
4560;35.27;56.15;0.73;1027.55;non
4561;-9.51;84.4;41.39;1021.11;oui
4562;17.06;60.26;23.25;998.31;oui
4563;12.45;33.08;7.56;1008.38;non
4564;22.67;57.69;11.48;1010.47;non
4565;-2.03;75.18;47.51;1024.92;non
4566;37.08;69.68;67.77;994.8;oui
4567;29.05;51.79;30.72;1019.47;non
4568;26.78;23.43;15.25;1019.85;non
4569;38.59;89.47;50.1;1029.14;oui
4570;2.97;87.95;15.58;1004.8;oui
4571;25.69;22.41;23.24;1016.51;non
4572;28.75;72.13;18.75;988.76;oui
4573;12.52;33.52;26.11;998.18;non
4574;17.35;81.09;46.04;1029.58;non
4575;11.78;68.75;54.08;1021.75;non
4576;22.57;27.54;55.62;1023.49;oui
4577;24.67;74.95;41.19;1032.08;oui
4578;28.95;69;6.32;1023.6;non
4579;28.78;29.96;52.3;997.74;oui
4580;2.02;74.72;23.6;980.54;oui
4581;-4.34;72.74;74.05;1038.15;non
4582;30.46;48.28;72.04;1027.25;non
4583;10.36;46.99;62.81;1004.62;oui
4584;20.12;98.05;75.02;1005.66;oui
4585;31.47;91.91;5.45;998.12;oui
4586;11.72;33.54;39.7;1019.79;non
4587;23.29;25.32;70.08;1036.34;non
4588;34.07;30.52;63.8;987.15;oui
4589;6.19;66.85;24.12;1018.24;non
4590;33.04;70.71;17.22;1000.17;oui
4591;9.32;62.86;51.92;1000.87;oui
4592;13.76;37.19;22.74;983.72;oui
4593;6.04;96.95;47.18;1027.24;oui
4594;-4.67;85.16;49.88;991.46;oui
4595;16.93;87.49;4.83;1015.8;oui
4596;38.89;84.57;22.1;1022.57;oui
4597;26.49;85.61;72.3;985.91;oui
4598;29.82;40.19;4.68;1004.07;oui
4599;-3.67;73.75;0.29;986.58;oui
4600;-5.82;87.67;69.13;1025.33;oui
4601;16.16;34.74;22.5;1010.96;non
4602;-5.27;43.74;74.13;1005.75;non
4603;39.57;62.13;23.04;1027.45;non
4604;2.6;82.79;34.69;992.09;oui
4605;26.64;30.01;22.16;993.28;oui
4606;28.17;77.1;53;980.38;oui
4607;1.16;41.76;11.71;1004.62;non
4608;27.5;83.02;45.94;985.38;oui
4609;38.28;36.19;56.37;1030.52;non
4610;6.17;58.28;40.98;1004.04;oui
4611;27.19;39.3;46.84;1021.32;non
4612;7.92;92.44;45.37;993.02;oui
4613;15.91;63.81;26.75;1017.82;non
4614;-2.74;63.7;4.95;1032.85;non
4615;23.7;51.3;31.98;1025.89;non
4616;26.28;60.42;47.43;1025.64;non
4617;20.78;83.14;75.93;1002.6;oui
4618;-5.69;48.7;32.96;1030.11;non
4619;26.55;21.52;37.16;1034.08;non
4620;-8.42;54.67;56.35;1007.27;non
4621;23.49;40.35;60.15;989.19;oui
4622;22.8;86.27;63.32;1023.3;oui
4623;-3.88;37.35;69.19;1031.44;non
4624;-6.2;62.94;51.89;1022.64;non
4625;28.5;48.76;14.35;992.28;non
4626;7.52;27.34;25.72;1017.69;oui
4627;31.98;40.21;10.73;991.58;oui
4628;17.47;34.6;67.26;1003.71;oui
4629;3.03;51.46;40.4;1033.56;non
4630;18.72;37.74;32.27;1038.54;non
4631;29.05;55.99;42.56;1005.74;non
4632;32.57;60.59;38.47;1000.42;non
4633;36.96;45.29;64.06;1022.92;non
4634;36.84;69.87;71.84;990.06;oui
4635;28.61;41.73;59.26;1026.71;non
4636;5.64;74.53;24.34;1024.34;oui
4637;19.88;53.27;12.96;990.68;oui
4638;20.9;87.89;1.67;983.97;oui
4639;26.89;32.62;21.73;993.92;oui
4640;1.25;48.21;58.28;1016.66;non
4641;21.89;58.17;74.77;997.36;oui
4642;26.54;37.72;72.26;1009.47;non
4643;-2.71;40.62;46.89;999.14;non
4644;8.7;71.24;38.97;980.28;oui
4645;11.11;47.34;7.53;993.22;oui
4646;36.77;54.6;3.37;988.33;non
4647;19.44;34.93;39.88;1002.2;oui
4648;6.02;56.66;57.7;1006;oui
4649;23.08;52.84;40.32;1038.03;non
4650;35.25;34.3;38.66;1034.52;non
4651;38.38;27.77;72.21;1006.71;non
4652;33.98;40.16;1.78;988.15;oui
4653;38.89;28.92;36.96;990.84;oui
4654;-4.1;39.19;15.71;1013.15;non
4655;15.55;24.66;45.07;1027.85;non
4656;-6.36;35.02;59.69;1015.5;non
4657;2.47;46.58;77.27;994.44;oui
4658;19.03;29.86;37.38;1036.91;non
4659;33.17;40.51;45.67;1030.63;non
4660;14.29;71.18;0.24;995.19;oui
4661;-5.33;42.38;25.69;1038.13;non
4662;11.3;99.04;12.26;1008.56;oui
4663;-7.22;77.36;7.99;988.42;oui
4664;36.44;74.66;52.43;1013.33;non
4665;21.04;52.81;11.63;1021.38;non
4666;-0.47;85.42;52.81;1017.86;oui
4667;9.81;75.22;59.2;1010.61;oui
4668;37.78;52.99;65.65;1012.6;non
4669;-7.25;65.92;72.05;1026.81;non
4670;-2;48.68;18.66;998.95;non
4671;8.24;64.86;35.08;997.2;non
4672;34.59;20.91;0.13;1029.61;non
4673;26.36;21.22;18.14;1038.31;non
4674;18.34;38.95;1.15;981.25;oui
4675;-8.91;99.49;14.67;1022.64;non
4676;17;26.45;61.34;1015.1;non
4677;32.43;63.76;73.73;1035;non
4678;-6.11;29.68;79.02;1009.26;non
4679;28.48;41.14;58.18;1030.24;non
4680;3.7;52.13;33.06;1009.48;non
4681;12.62;60.86;42.54;1029.19;non
4682;1.54;73.05;63.79;999.16;oui
4683;-2.65;47.35;72.74;1034.68;non
4684;25.12;88.32;76.68;1009.39;oui
4685;10.78;25.76;33.82;1027.44;oui
4686;34.62;24.12;42.17;986.45;oui
4687;35.01;59.74;60.68;983.86;oui
4688;23.71;30.67;26.07;983.87;oui
4689;38.54;86.16;77.97;1030.74;oui
4690;18.86;61.46;32.5;1029.09;non
4691;-7.19;95.83;0.3;1038.61;oui
4692;6.42;75.83;65.43;994.72;oui
4693;30.22;39.95;3.35;992.25;non
4694;-6.74;78.08;30.4;1033.06;non
4695;12.66;71.12;70.2;1011.48;oui
4696;33.35;44.82;6.35;1006.7;non
4697;-8.46;66.87;47.56;1035.71;non
4698;3.94;55.24;28.55;1024.18;non
4699;27.95;85.6;73.84;1005.86;oui
4700;0.78;77.15;42.72;1029.01;non
4701;29.2;94.41;58.58;1026.57;oui
4702;0.25;97.94;55.45;1013.69;oui
4703;-7.78;49.53;39.91;992.69;oui
4704;15.42;66.87;19.19;1015.24;non
4705;13.66;88.59;74.18;985.54;oui
4706;13.8;67.05;34.07;999.59;oui
4707;-9.9;97.45;18.57;1035.03;non
4708;1.9;38.79;79.69;980.28;oui
4709;33.48;73.78;29.02;1037.5;oui
4710;11.7;65.87;77.4;1038.95;non
4711;32.37;44.16;29.75;989.89;oui
4712;22.84;60.86;18.49;1004.17;non
4713;39.37;88.29;31.04;1034.83;oui
4714;23.4;97.33;31.22;1020.79;oui
4715;3.32;65.93;78.34;1007.19;non
4716;35.72;40.3;32.15;1018.6;non
4717;-5.2;99.5;60.21;1006.26;oui
4718;-5.62;59.62;74.47;1033.8;non
4719;16.57;75.79;27.2;983.89;oui
4720;20.08;20.47;7.65;992.44;oui
4721;17.05;43.51;22.09;1032.16;non
4722;14.77;96.23;50;1023.03;oui
4723;-9;71.69;50.55;986.63;oui
4724;35.77;36.41;36.89;1007.67;non
4725;31.23;80.74;29.24;984.32;oui
4726;23.99;76.22;77.2;1007.22;oui
4727;16.96;32.05;36.9;1012.69;oui
4728;8.33;98.41;43.38;994.55;oui
4729;-2.92;56.23;1.75;1006.7;non
4730;23.51;80.78;9.52;1008.39;non
4731;34.7;34.5;36.7;1015.28;non
4732;31.51;38.52;30.19;1027.53;non
4733;10.11;22.36;60.27;1038.33;non
4734;32.83;61.35;18.53;980.87;oui
4735;14.66;82.57;55.57;1039.28;oui
4736;11.36;42.94;38.15;1032.37;non
4737;38.9;99.46;47.83;999.89;oui
4738;3.82;24.01;38.01;983.44;oui
4739;8.6;35.95;43.59;1038.43;non
4740;14.59;82.15;59;1033.5;non
4741;32.94;44.08;75.28;996.86;oui
4742;38.19;31.64;77.96;985.14;oui
4743;12.21;99.49;39.09;1013.02;oui
4744;38.41;82.67;17.93;998.18;non
4745;22.22;34.46;20.59;1033.29;non
4746;18.33;51.81;5.92;1001.77;non
4747;34.79;45.96;30.34;1026.97;non
4748;29.91;96.3;63.64;1004.46;oui
4749;15.43;42.22;24.23;993.43;oui
4750;-0.78;25.05;71.08;1035.86;non
4751;32.02;34.69;72.13;1010.38;non
4752;-2.93;44.72;3.48;998.56;non
4753;1.8;41.25;79.55;994.13;oui
4754;24.34;88.75;30.96;1032.54;oui
4755;-0.15;46.37;48.75;1002.03;oui
4756;1.85;76.08;27.8;1007.35;oui
4757;24.31;39.1;66.88;1023.31;non
4758;38.75;73.18;36.19;989.45;oui
4759;-1.76;54.36;32.7;1023.2;non
4760;31.09;46.09;35.52;1026.34;non
4761;5.4;50.9;24.46;1015.69;non
4762;26.28;66.38;11.66;998.62;non
4763;9.52;61.28;40.54;1025.27;non
4764;37.32;47.43;24.02;1021.11;non
4765;8.92;79.75;70.7;1026.01;non
4766;31.37;81.96;53.54;1025.6;oui
4767;11.56;25.38;36.87;982.79;oui
4768;19.34;44.77;54.83;1029.32;non
4769;35.01;26.39;67.21;1029.71;non
4770;4.94;44.41;64.91;1029.9;non
4771;19.63;31.11;37.5;1039.93;non
4772;37.38;85.94;77.78;990.77;oui
4773;-9.16;77.98;51.53;990.68;oui
4774;4.96;30.8;33.81;985.46;oui
4775;8.57;88.15;63.4;1006.57;oui
4776;18.43;47.27;58.07;1021.01;non
4777;20.9;74.64;30.76;1032.14;non
4778;34.19;47.38;10;1016;non
4779;30.77;54.46;53.49;998.5;non
4780;9.4;68.54;52.56;1014.69;oui
4781;24.55;94.52;9.43;983.68;oui
4782;-3.17;62.07;41.52;1014.5;non
4783;38.57;90.26;9.47;1000.31;oui
4784;-1.16;63.58;44.26;993.63;oui
4785;26.65;21.68;31.66;1033.41;non
4786;7.38;40.29;19.47;985.99;oui
4787;-5.67;43.38;3.65;1026.88;non
4788;5.42;65.86;32.76;996.94;oui
4789;29.89;97.92;27.84;982.35;oui
4790;27.96;64.19;62.69;1021.85;non
4791;34.29;83.07;38.02;998.49;oui
4792;15.1;68.82;14.89;1019.34;non
4793;21.01;39.17;34.75;992.61;oui
4794;14.4;38;3.3;1020.54;non
4795;39.48;62.7;23.12;1019.46;non
4796;31.01;44.66;79.06;1016.31;non
4797;-6.36;47.86;59;1019.3;non
4798;7.81;41.08;49.07;1000.67;oui
4799;0.37;52.72;15.64;1037.75;non
4800;35.67;54.28;30.23;993.88;oui
4801;24.28;57.41;4.46;1035.11;non
4802;11.55;69.09;36.02;999.31;non
4803;12.8;85.47;1.36;1014.93;oui
4804;0.88;34.66;61.78;995.31;non
4805;8.9;51.4;69.93;1017.11;non
4806;16.72;96.32;9.06;992.46;oui
4807;37.87;34.17;11.61;1005.27;non
4808;22.75;26.2;4.64;1009.11;non
4809;11.34;48.52;79.84;1011.92;non
4810;9.29;35.6;40.98;1006.33;non
4811;-1.97;44.9;40.69;983.5;oui
4812;37.38;63.43;5.08;1021.59;non
4813;26.94;80;52.09;1023.93;non
4814;26.34;30.94;27.16;1036.56;non
4815;38.37;27.11;38.2;983.74;oui
4816;-6.06;34.03;20.71;1024.92;non
4817;32.33;30.55;2.82;1003.7;oui
4818;-4.48;28.14;60.09;998.73;oui
4819;0;56.81;21.22;1007.09;non
4820;28.1;61.26;74.27;995.83;non
4821;20.69;69.7;3.72;1016.47;non
4822;27.37;84.65;44.17;980.1;oui
4823;27.44;39.92;37.17;1037.94;non
4824;1.16;36.87;44.7;1036.99;non
4825;5.17;71.09;49.99;1015.82;non
4826;21.73;54.41;1.49;1012.39;non
4827;7.49;97.24;7.7;1023.95;oui
4828;3.68;65.67;47.42;1026.51;non
4829;19.68;92.99;36.17;993.52;oui
4830;10;77.02;3.4;987.74;oui
4831;19.26;39.43;13.3;1015.57;non
4832;6.61;66.26;7.85;1036.11;non
4833;39.88;98.29;62.31;981.2;oui
4834;-5.66;91.61;63.17;1038.34;oui
4835;16.11;61.52;30.92;1008.12;non
4836;36.65;67.67;68.57;1031.77;non
4837;7.37;71.17;35.67;984.89;oui
4838;39.7;23.88;55.73;1030.47;non
4839;18.49;76.6;34.35;985.48;oui
4840;11.62;73.23;42.5;983.28;oui
4841;29.63;31.93;78.53;1024.21;non
4842;20.57;28.54;44.83;984.42;oui
4843;17.63;89.96;58;994.97;oui
4844;18.66;68.51;13.52;1031.47;non
4845;28.75;95.26;24.18;1031.67;oui
4846;-1.8;73.5;54.73;997.22;oui
4847;-0.01;51.98;13.41;991.64;oui
4848;38.09;81.14;25.58;1037.1;oui
4849;12.77;57.46;32.86;993.98;oui
4850;16.39;62.24;60.94;1001.53;oui
4851;18.9;96.95;30.82;1034.07;oui
4852;21.88;72.36;6.77;1037.01;non
4853;18.16;46.41;34.39;1016.61;oui
4854;12.88;99.02;47.42;989.63;oui
4855;25.81;24.03;38.43;988.89;oui
4856;27.5;56.71;13.08;995.12;non
4857;-6.52;66.75;48.6;983.73;oui
4858;10.7;46.71;44.62;1000.76;oui
4859;29.88;32.97;49.53;1010.34;non
4860;26.38;64.1;38.19;1020.06;non
4861;38.63;70.35;69.96;980.07;oui
4862;0.73;27.54;42.56;1024.81;non
4863;23.51;59.18;34.97;997.42;oui
4864;7.49;71.69;9.28;985.56;oui
4865;17.31;54.42;12.2;1004.66;oui
4866;34.48;76.21;4.79;1020.22;non
4867;5.76;35.67;62.06;1018.92;non
4868;23.4;38.94;35.57;1018;non
4869;29.59;42.97;61.63;1006.41;non
4870;12.79;95.89;14.34;1020.5;oui
4871;-1.36;25.28;63.93;989.45;oui
4872;38.92;77.38;20.04;1015.46;oui
4873;32.22;78.35;66.54;992.69;oui
4874;-7.99;25.52;57.08;981.47;oui
4875;32.02;50.4;3.59;1022.83;non
4876;25.86;66.28;18.4;980.92;oui
4877;1.55;88.65;37.31;1011.84;oui
4878;28.97;71.41;75.07;1038.94;oui
4879;31.21;76.45;53.07;986.23;oui
4880;-9.72;30.99;35.14;988.79;oui
4881;30.28;25.73;19.91;1029.14;non
4882;37.27;99.8;78.1;1004.61;oui
4883;27.92;43.94;64.51;1012.04;non
4884;3.79;60.64;45.12;1036.59;non
4885;36.83;84.39;58.47;1027.21;oui
4886;2.2;35.16;69.31;1023.51;non
4887;20.75;55.8;12.69;1011.91;non
4888;-5.19;57.36;47.21;982.81;oui
4889;2.88;22.45;10.05;988.34;non
4890;30.17;55.16;11.77;986.02;oui
4891;29.9;49.16;12.79;1004.25;non
4892;-8.52;70.21;31.61;980.58;oui
4893;25.62;70.31;27.35;1011.78;non
4894;25.03;66.69;6.54;1018.59;non
4895;8.54;90.06;67.44;990.51;oui
4896;12.04;77.9;65.13;1010.31;oui
4897;35.77;38.47;20.56;1001.7;oui
4898;36.94;37.61;69.11;995.49;oui
4899;19.87;20.57;2.73;988.85;oui
4900;28.38;37.82;77.53;1018.17;non
4901;0.89;91.42;53.43;1031.86;oui
4902;-3.72;27.73;64.27;1031.97;non
4903;8.3;72.21;24.45;994.3;oui
4904;0.81;58.7;76.53;1030.39;non
4905;30.32;48.38;64.96;1035.37;non
4906;24.16;36.91;3.18;988.83;oui
4907;13.1;88.4;37.2;1019.65;oui
4908;2.49;54.9;50.45;990.29;oui
4909;8.22;85.39;7.84;1020.79;oui
4910;29.77;52.17;53.23;1036.06;non
4911;-9.44;81.62;51.71;997.58;oui
4912;-7.9;35.4;33.96;1030.04;non
4913;19.32;89.9;24.71;1022.04;oui
4914;0.13;48.52;78.38;1038.99;non
4915;-6.68;41.67;31.82;1006.46;non
4916;34.98;46.43;68;985.61;oui
4917;15.2;24.77;31.4;1033.81;non
4918;25.3;44.19;3.59;1013.4;non
4919;10.47;69.38;72;1027.38;non
4920;26.67;60.15;59.68;1009.67;non
4921;18.5;59.37;41.43;1032.73;oui
4922;12.68;56.46;41.21;1011.18;oui
4923;22.47;42.2;42.52;1017.63;non
4924;19.26;34.22;2.69;1000.27;non
4925;-6.91;85.2;27.53;1034.82;oui
4926;-7.15;58.59;15.13;1036.24;non
4927;10.63;94.14;30.75;985.59;oui
4928;14.9;34.81;37.32;1030.18;oui
4929;-7.54;32.87;22.02;1015.69;non
4930;32.2;77.33;8.04;1017.47;non
4931;2.75;34.23;13.84;1016.98;non
4932;-1.2;99.21;33.75;985.82;oui
4933;19.19;98.33;45.76;1036.94;oui
4934;11.79;60;55.79;1002.06;oui
4935;-8.54;55.18;40.88;1016.42;non
4936;11.37;58.76;54.95;1026.41;non
4937;7.08;99.96;67.89;995.6;oui
4938;5.7;56.19;68.06;1026.7;oui
4939;3.6;67.48;22.66;986.54;oui
4940;-2.85;73.42;51.84;1028.61;non
4941;29.17;99.94;68.08;1025.11;oui
4942;11.09;78.44;57.93;1017.89;oui
4943;12.44;29.7;44.73;995.9;oui
4944;-9.13;50.62;64.7;1012.56;non
4945;13.49;43.32;38.2;1004.28;oui
4946;-7.94;74.69;68.08;1037.55;non
4947;16.57;23.49;39.93;987.53;oui
4948;-4.31;61.06;41.69;1038.3;non
4949;4.39;39.26;10.26;1025.39;non
4950;20.49;23.27;61.03;1018.51;oui
4951;19.36;44.32;30.52;990.55;oui
4952;25.39;36.05;12.68;984.62;oui
4953;1.65;47.53;22.44;1004.82;oui
4954;33.53;34.61;54.91;1001.15;oui
4955;4.95;20.58;41.25;989.04;oui
4956;24.91;78.58;36.86;1020.61;oui
4957;21.49;67.74;53.27;991.98;oui
4958;12;55.69;61.95;1002.04;non
4959;2.57;37.18;58.53;1008.22;non
4960;10.81;91.18;78.68;1020.19;oui
4961;15.4;94.77;66.53;1039.51;oui
4962;28.96;63.43;20.73;1001.29;oui
4963;-7.2;67.32;29.8;1003.2;oui
4964;32.69;67.91;21.83;1008.53;non
4965;7.68;28.22;43.45;998.11;oui
4966;5.96;54.49;4.19;1039.55;non
4967;-8.79;63.3;69.63;1026.35;non
4968;-3.03;72.62;61.3;1014.35;oui
4969;3.85;39.37;69.57;1017.52;non
4970;7.66;88.63;2.19;980.19;oui
4971;35.7;92.12;41.5;1013.19;oui
4972;2.19;85.22;8.5;1009.24;oui
4973;-4.82;61.57;46.2;1024.55;non
4974;4.67;65.56;78.65;993.05;oui
4975;25.72;86.09;7.17;998.03;oui
4976;8.58;98.5;8.42;1013.74;oui
4977;25.63;35.78;10.37;1000.22;oui
4978;-4.67;38.39;0.68;1038.1;non
4979;25.99;72.11;11.55;1015.7;non
4980;10.06;65.52;44.71;987.14;oui
4981;29.91;78.07;6.55;987.64;oui
4982;28.46;99.69;20.32;1009.27;oui
4983;21.14;29.23;10.18;984.31;oui
4984;14.7;69.42;70.34;1024.42;non
4985;39.22;56.5;9;1039.56;non
4986;17.49;44.73;40.28;1013.52;non
4987;17.84;80.48;21.32;1003.01;oui
4988;31.03;78;69.7;990.2;oui
4989;-4.03;32.88;42.65;1038.25;non
4990;37.93;23.06;74.15;990.87;oui
4991;-7.19;95.86;16.06;998.16;oui
4992;9.04;73.4;77.98;1016.39;oui
4993;-5.6;70.22;36.31;1033.15;non
4994;23.97;38.25;20.75;1002.57;oui
4995;2.69;23.97;66.94;983.86;oui
4996;-3.73;25.22;45.04;1010.15;non
4997;18.73;42.96;53.04;1010.14;non
4998;31.33;78.22;31.49;1030.86;oui
4999;16.84;37.2;73.26;991.37;oui
